[
  {
    "media_id": "post_1",
    "caption": "Photo drop #1 | Festive Edit | Festive edit with rich fabrics and comfy silhouettes.",
    "timestamp": "2024-01-01T09:17:00",
    "media_type": "image",
    "reach": 20587,
    "impressions": 21075,
    "profile_visits": 100,
    "follows": 11
  },
  {
    "media_id": "post_2",
    "caption": "Photo drop #2 | Outfit Reel | Full outfit try-on from our latest launch.",
    "timestamp": "2024-01-02T22:03:00",
    "media_type": "image",
    "reach": 54036,
    "impressions": 54854,
    "profile_visits": 15,
    "follows": 14
  },
  {
    "media_id": "post_3",
    "caption": "Carousel lookbook #3 | Festive Edit | Festive edit with rich fabrics and comfy silhouettes.",
    "timestamp": "2024-01-03T21:05:00",
    "media_type": "carousel",
    "reach": 14210,
    "impressions": 15059,
    "profile_visits": 26,
    "follows": 3
  },
  {
    "media_id": "post_4",
    "caption": "Photo drop #4 | New Drop | New arrival from our summer collection. Limited pieces only.",
    "timestamp": "2024-01-04T19:09:00",
    "media_type": "image",
    "reach": 59175,
    "impressions": 59546,
    "profile_visits": 93,
    "follows": 11
  },
  {
    "media_id": "post_5",
    "caption": "Reel #5 | Sale Promo | Flash sale is live for 24 hours. Add to cart before it sells out.",
    "timestamp": "2024-01-05T17:51:00",
    "media_type": "reel",
    "reach": 79730,
    "impressions": 79842,
    "profile_visits": 126,
    "follows": 22
  },
  {
    "media_id": "post_6",
    "caption": "Carousel lookbook #6 | Weekend Outfit | Weekend-ready outfit for brunch, movies or a coffee run.",
    "timestamp": "2024-01-06T17:40:00",
    "media_type": "carousel",
    "reach": 86551,
    "impressions": 87034,
    "profile_visits": 61,
    "follows": 24
  },
  {
    "media_id": "post_7",
    "caption": "Reel #7 | Behind the Scenes | Behind the scenes from today’s studio shoot.",
    "timestamp": "2024-01-07T22:05:00",
    "media_type": "reel",
    "reach": 29376,
    "impressions": 30043,
    "profile_visits": 131,
    "follows": 13
  },
  {
    "media_id": "post_8",
    "caption": "Reel #8 | New Drop | New arrival from our summer collection. Limited pieces only.",
    "timestamp": "2024-01-08T18:49:00",
    "media_type": "reel",
    "reach": 33972,
    "impressions": 34085,
    "profile_visits": 118,
    "follows": 18
  },
  {
    "media_id": "post_9",
    "caption": "Photo drop #9 | Behind the Scenes | Behind the scenes from today’s studio shoot.",
    "timestamp": "2024-01-09T17:46:00",
    "media_type": "image",
    "reach": 105154,
    "impressions": 105749,
    "profile_visits": 128,
    "follows": 13
  },
  {
    "media_id": "post_10",
    "caption": "Photo drop #10 | New Drop | New arrival from our summer collection. Limited pieces only.",
    "timestamp": "2024-01-10T21:29:00",
    "media_type": "image",
    "reach": 18117,
    "impressions": 18238,
    "profile_visits": 84,
    "follows": 14
  },
  {
    "media_id": "post_11",
    "caption": "Photo drop #11 | Style Tip | How to style this piece three different ways.",
    "timestamp": "2024-01-11T19:26:00",
    "media_type": "image",
    "reach": 13912,
    "impressions": 14736,
    "profile_visits": 125,
    "follows": 1
  },
  {
    "media_id": "post_12",
    "caption": "Reel #12 | Style Tip | How to style this piece three different ways.",
    "timestamp": "2024-01-12T21:34:00",
    "media_type": "reel",
    "reach": 37728,
    "impressions": 38158,
    "profile_visits": 23,
    "follows": 25
  },
  {
    "media_id": "post_13",
    "caption": "Reel #13 | Customer Review | Styled by our customer community—real people, real fits.",
    "timestamp": "2024-01-13T17:21:00",
    "media_type": "reel",
    "reach": 8897,
    "impressions": 9062,
    "profile_visits": 75,
    "follows": 24
  },
  {
    "media_id": "post_14",
    "caption": "Carousel lookbook #14 | New Drop | New arrival from our summer collection. Limited pieces only.",
    "timestamp": "2024-01-14T10:52:00",
    "media_type": "carousel",
    "reach": 109956,
    "impressions": 110369,
    "profile_visits": 114,
    "follows": 12
  },
  {
    "media_id": "post_15",
    "caption": "Reel #15 | Casual Look | Everyday casual fit you can wear on repeat.",
    "timestamp": "2024-01-15T11:34:00",
    "media_type": "reel",
    "reach": 23751,
    "impressions": 24293,
    "profile_visits": 131,
    "follows": 22
  },
  {
    "media_id": "post_16",
    "caption": "Reel #16 | Workwear | Workwear that feels like loungewear but looks like power dressing.",
    "timestamp": "2024-01-16T09:22:00",
    "media_type": "reel",
    "reach": 21824,
    "impressions": 22086,
    "profile_visits": 147,
    "follows": 17
  },
  {
    "media_id": "post_17",
    "caption": "Reel #17 | Casual Look | Everyday casual fit you can wear on repeat.",
    "timestamp": "2024-01-17T17:08:00",
    "media_type": "reel",
    "reach": 20862,
    "impressions": 21192,
    "profile_visits": 38,
    "follows": 9
  },
  {
    "media_id": "post_18",
    "caption": "Photo drop #18 | Customer Review | Styled by our customer community—real people, real fits.",
    "timestamp": "2024-01-18T17:15:00",
    "media_type": "image",
    "reach": 20451,
    "impressions": 21063,
    "profile_visits": 144,
    "follows": 7
  },
  {
    "media_id": "post_19",
    "caption": "Photo drop #19 | Sale Promo | Flash sale is live for 24 hours. Add to cart before it sells out.",
    "timestamp": "2024-01-19T21:57:00",
    "media_type": "image",
    "reach": 35322,
    "impressions": 35509,
    "profile_visits": 36,
    "follows": 11
  },
  {
    "media_id": "post_20",
    "caption": "Photo drop #20 | Casual Look | Everyday casual fit you can wear on repeat.",
    "timestamp": "2024-01-20T17:34:00",
    "media_type": "image",
    "reach": 31004,
    "impressions": 31852,
    "profile_visits": 80,
    "follows": 23
  },
  {
    "media_id": "post_21",
    "caption": "Carousel lookbook #21 | Workwear | Workwear that feels like loungewear but looks like power dressing.",
    "timestamp": "2024-01-21T22:53:00",
    "media_type": "carousel",
    "reach": 43906,
    "impressions": 44519,
    "profile_visits": 141,
    "follows": 11
  },
  {
    "media_id": "post_22",
    "caption": "Photo drop #22 | New Drop | New arrival from our summer collection. Limited pieces only.",
    "timestamp": "2024-01-22T20:37:00",
    "media_type": "image",
    "reach": 60686,
    "impressions": 61471,
    "profile_visits": 106,
    "follows": 7
  },
  {
    "media_id": "post_23",
    "caption": "Reel #23 | Sale Promo | Flash sale is live for 24 hours. Add to cart before it sells out.",
    "timestamp": "2024-01-23T21:28:00",
    "media_type": "reel",
    "reach": 15480,
    "impressions": 16004,
    "profile_visits": 82,
    "follows": 6
  },
  {
    "media_id": "post_24",
    "caption": "Reel #24 | Customer Review | Styled by our customer community—real people, real fits.",
    "timestamp": "2024-01-24T22:35:00",
    "media_type": "reel",
    "reach": 8866,
    "impressions": 9237,
    "profile_visits": 29,
    "follows": 13
  },
  {
    "media_id": "post_25",
    "caption": "Reel #25 | Behind the Scenes | Behind the scenes from today’s studio shoot.",
    "timestamp": "2024-01-25T09:37:00",
    "media_type": "reel",
    "reach": 19600,
    "impressions": 19948,
    "profile_visits": 83,
    "follows": 15
  },
  {
    "media_id": "post_26",
    "caption": "Reel #26 | Sale Promo | Flash sale is live for 24 hours. Add to cart before it sells out.",
    "timestamp": "2024-01-26T18:36:00",
    "media_type": "reel",
    "reach": 63520,
    "impressions": 63965,
    "profile_visits": 46,
    "follows": 1
  },
  {
    "media_id": "post_27",
    "caption": "Reel #27 | Outfit Reel | Full outfit try-on from our latest launch.",
    "timestamp": "2024-01-27T15:42:00",
    "media_type": "reel",
    "reach": 35275,
    "impressions": 35856,
    "profile_visits": 98,
    "follows": 12
  },
  {
    "media_id": "post_28",
    "caption": "Photo drop #28 | Workwear | Workwear that feels like loungewear but looks like power dressing.",
    "timestamp": "2024-01-28T12:38:00",
    "media_type": "image",
    "reach": 32760,
    "impressions": 33188,
    "profile_visits": 31,
    "follows": 9
  },
  {
    "media_id": "post_29",
    "caption": "Reel #29 | Customer Review | Styled by our customer community—real people, real fits.",
    "timestamp": "2024-01-29T13:10:00",
    "media_type": "reel",
    "reach": 27900,
    "impressions": 28508,
    "profile_visits": 26,
    "follows": 9
  },
  {
    "media_id": "post_30",
    "caption": "Carousel lookbook #30 | Casual Look | Everyday casual fit you can wear on repeat.",
    "timestamp": "2024-01-30T17:10:00",
    "media_type": "carousel",
    "reach": 42044,
    "impressions": 42622,
    "profile_visits": 150,
    "follows": 3
  },
  {
    "media_id": "post_31",
    "caption": "Carousel lookbook #31 | Casual Look | Everyday casual fit you can wear on repeat.",
    "timestamp": "2024-01-31T10:28:00",
    "media_type": "carousel",
    "reach": 64881,
    "impressions": 65514,
    "profile_visits": 119,
    "follows": 15
  },
  {
    "media_id": "post_32",
    "caption": "Carousel lookbook #32 | Festive Edit | Festive edit with rich fabrics and comfy silhouettes.",
    "timestamp": "2024-02-01T10:03:00",
    "media_type": "carousel",
    "reach": 70485,
    "impressions": 70742,
    "profile_visits": 64,
    "follows": 7
  },
  {
    "media_id": "post_33",
    "caption": "Photo drop #33 | Sale Promo | Flash sale is live for 24 hours. Add to cart before it sells out.",
    "timestamp": "2024-02-02T12:02:00",
    "media_type": "image",
    "reach": 6720,
    "impressions": 6831,
    "profile_visits": 22,
    "follows": 2
  },
  {
    "media_id": "post_34",
    "caption": "Reel #34 | Behind the Scenes | Behind the scenes from today’s studio shoot.",
    "timestamp": "2024-02-03T12:46:00",
    "media_type": "reel",
    "reach": 19382,
    "impressions": 19771,
    "profile_visits": 69,
    "follows": 17
  },
  {
    "media_id": "post_35",
    "caption": "Reel #35 | Outfit Reel | Full outfit try-on from our latest launch.",
    "timestamp": "2024-02-04T09:47:00",
    "media_type": "reel",
    "reach": 83148,
    "impressions": 83475,
    "profile_visits": 115,
    "follows": 18
  },
  {
    "media_id": "post_36",
    "caption": "Photo drop #36 | Workwear | Workwear that feels like loungewear but looks like power dressing.",
    "timestamp": "2024-02-05T12:24:00",
    "media_type": "image",
    "reach": 6762,
    "impressions": 7349,
    "profile_visits": 46,
    "follows": 15
  },
  {
    "media_id": "post_37",
    "caption": "Carousel lookbook #37 | Weekend Outfit | Weekend-ready outfit for brunch, movies or a coffee run.",
    "timestamp": "2024-02-06T22:22:00",
    "media_type": "carousel",
    "reach": 9168,
    "impressions": 9629,
    "profile_visits": 69,
    "follows": 13
  },
  {
    "media_id": "post_38",
    "caption": "Carousel lookbook #38 | Style Tip | How to style this piece three different ways.",
    "timestamp": "2024-02-07T09:06:00",
    "media_type": "carousel",
    "reach": 50960,
    "impressions": 51859,
    "profile_visits": 113,
    "follows": 6
  },
  {
    "media_id": "post_39",
    "caption": "Reel #39 | Outfit Reel | Full outfit try-on from our latest launch.",
    "timestamp": "2024-02-08T15:08:00",
    "media_type": "reel",
    "reach": 2820,
    "impressions": 3258,
    "profile_visits": 52,
    "follows": 8
  },
  {
    "media_id": "post_40",
    "caption": "Photo drop #40 | Festive Edit | Festive edit with rich fabrics and comfy silhouettes.",
    "timestamp": "2024-02-09T16:27:00",
    "media_type": "image",
    "reach": 8736,
    "impressions": 8953,
    "profile_visits": 49,
    "follows": 22
  },
  {
    "media_id": "post_41",
    "caption": "Reel #41 | Sale Promo | Flash sale is live for 24 hours. Add to cart before it sells out.",
    "timestamp": "2024-02-10T09:22:00",
    "media_type": "reel",
    "reach": 46158,
    "impressions": 46607,
    "profile_visits": 37,
    "follows": 22
  },
  {
    "media_id": "post_42",
    "caption": "Reel #42 | Festive Edit | Festive edit with rich fabrics and comfy silhouettes.",
    "timestamp": "2024-02-11T09:18:00",
    "media_type": "reel",
    "reach": 27630,
    "impressions": 27789,
    "profile_visits": 43,
    "follows": 8
  },
  {
    "media_id": "post_43",
    "caption": "Photo drop #43 | Casual Look | Everyday casual fit you can wear on repeat.",
    "timestamp": "2024-02-12T13:15:00",
    "media_type": "image",
    "reach": 3813,
    "impressions": 4343,
    "profile_visits": 109,
    "follows": 21
  },
  {
    "media_id": "post_44",
    "caption": "Reel #44 | New Drop | New arrival from our summer collection. Limited pieces only.",
    "timestamp": "2024-02-13T11:54:00",
    "media_type": "reel",
    "reach": 95756,
    "impressions": 96176,
    "profile_visits": 144,
    "follows": 25
  },
  {
    "media_id": "post_45",
    "caption": "Reel #45 | Style Tip | How to style this piece three different ways.",
    "timestamp": "2024-02-14T09:41:00",
    "media_type": "reel",
    "reach": 58450,
    "impressions": 59005,
    "profile_visits": 65,
    "follows": 13
  },
  {
    "media_id": "post_46",
    "caption": "Photo drop #46 | Sale Promo | Flash sale is live for 24 hours. Add to cart before it sells out.",
    "timestamp": "2024-02-15T19:43:00",
    "media_type": "image",
    "reach": 40362,
    "impressions": 41258,
    "profile_visits": 56,
    "follows": 13
  },
  {
    "media_id": "post_47",
    "caption": "Carousel lookbook #47 | New Drop | New arrival from our summer collection. Limited pieces only.",
    "timestamp": "2024-02-16T09:16:00",
    "media_type": "carousel",
    "reach": 29640,
    "impressions": 29928,
    "profile_visits": 40,
    "follows": 9
  },
  {
    "media_id": "post_48",
    "caption": "Photo drop #48 | Customer Review | Styled by our customer community—real people, real fits.",
    "timestamp": "2024-02-17T10:57:00",
    "media_type": "image",
    "reach": 13376,
    "impressions": 13609,
    "profile_visits": 38,
    "follows": 20
  },
  {
    "media_id": "post_49",
    "caption": "Carousel lookbook #49 | Style Tip | How to style this piece three different ways.",
    "timestamp": "2024-02-18T13:33:00",
    "media_type": "carousel",
    "reach": 83196,
    "impressions": 83589,
    "profile_visits": 127,
    "follows": 8
  },
  {
    "media_id": "post_50",
    "caption": "Photo drop #50 | Weekend Outfit | Weekend-ready outfit for brunch, movies or a coffee run.",
    "timestamp": "2024-02-19T09:05:00",
    "media_type": "image",
    "reach": 20787,
    "impressions": 21254,
    "profile_visits": 114,
    "follows": 1
  },
  {
    "media_id": "post_51",
    "caption": "Photo drop #51 | New Drop | New arrival from our summer collection. Limited pieces only.",
    "timestamp": "2024-02-20T15:13:00",
    "media_type": "image",
    "reach": 36560,
    "impressions": 36838,
    "profile_visits": 122,
    "follows": 6
  },
  {
    "media_id": "post_52",
    "caption": "Reel #52 | Behind the Scenes | Behind the scenes from today’s studio shoot.",
    "timestamp": "2024-02-21T21:56:00",
    "media_type": "reel",
    "reach": 8470,
    "impressions": 9152,
    "profile_visits": 28,
    "follows": 21
  },
  {
    "media_id": "post_53",
    "caption": "Carousel lookbook #53 | Sale Promo | Flash sale is live for 24 hours. Add to cart before it sells out.",
    "timestamp": "2024-02-22T19:34:00",
    "media_type": "carousel",
    "reach": 69550,
    "impressions": 70327,
    "profile_visits": 52,
    "follows": 10
  },
  {
    "media_id": "post_54",
    "caption": "Photo drop #54 | Festive Edit | Festive edit with rich fabrics and comfy silhouettes.",
    "timestamp": "2024-02-23T13:56:00",
    "media_type": "image",
    "reach": 16796,
    "impressions": 17328,
    "profile_visits": 58,
    "follows": 22
  },
  {
    "media_id": "post_55",
    "caption": "Photo drop #55 | Style Tip | How to style this piece three different ways.",
    "timestamp": "2024-02-24T09:35:00",
    "media_type": "image",
    "reach": 78360,
    "impressions": 79043,
    "profile_visits": 108,
    "follows": 3
  },
  {
    "media_id": "post_56",
    "caption": "Photo drop #56 | Style Tip | How to style this piece three different ways.",
    "timestamp": "2024-02-25T22:55:00",
    "media_type": "image",
    "reach": 94031,
    "impressions": 94449,
    "profile_visits": 24,
    "follows": 5
  },
  {
    "media_id": "post_57",
    "caption": "Carousel lookbook #57 | Style Tip | How to style this piece three different ways.",
    "timestamp": "2024-02-26T22:41:00",
    "media_type": "carousel",
    "reach": 14715,
    "impressions": 15445,
    "profile_visits": 61,
    "follows": 21
  },
  {
    "media_id": "post_58",
    "caption": "Reel #58 | Style Tip | How to style this piece three different ways.",
    "timestamp": "2024-02-27T19:25:00",
    "media_type": "reel",
    "reach": 13356,
    "impressions": 13611,
    "profile_visits": 92,
    "follows": 12
  },
  {
    "media_id": "post_59",
    "caption": "Carousel lookbook #59 | Behind the Scenes | Behind the scenes from today’s studio shoot.",
    "timestamp": "2024-02-28T17:26:00",
    "media_type": "carousel",
    "reach": 33306,
    "impressions": 33952,
    "profile_visits": 38,
    "follows": 1
  },
  {
    "media_id": "post_60",
    "caption": "Carousel lookbook #60 | Outfit Reel | Full outfit try-on from our latest launch.",
    "timestamp": "2024-02-29T18:38:00",
    "media_type": "carousel",
    "reach": 98912,
    "impressions": 99682,
    "profile_visits": 137,
    "follows": 1
  },
  {
    "media_id": "post_61",
    "caption": "Reel #61 | Customer Review | Styled by our customer community—real people, real fits.",
    "timestamp": "2024-03-01T14:18:00",
    "media_type": "reel",
    "reach": 46224,
    "impressions": 46527,
    "profile_visits": 110,
    "follows": 2
  },
  {
    "media_id": "post_62",
    "caption": "Reel #62 | Customer Review | Styled by our customer community—real people, real fits.",
    "timestamp": "2024-03-02T18:06:00",
    "media_type": "reel",
    "reach": 38745,
    "impressions": 39518,
    "profile_visits": 74,
    "follows": 19
  },
  {
    "media_id": "post_63",
    "caption": "Carousel lookbook #63 | Style Tip | How to style this piece three different ways.",
    "timestamp": "2024-03-03T15:08:00",
    "media_type": "carousel",
    "reach": 61451,
    "impressions": 62193,
    "profile_visits": 100,
    "follows": 11
  },
  {
    "media_id": "post_64",
    "caption": "Reel #64 | Behind the Scenes | Behind the scenes from today’s studio shoot.",
    "timestamp": "2024-03-04T18:40:00",
    "media_type": "reel",
    "reach": 39078,
    "impressions": 39418,
    "profile_visits": 147,
    "follows": 23
  },
  {
    "media_id": "post_65",
    "caption": "Reel #65 | New Drop | New arrival from our summer collection. Limited pieces only.",
    "timestamp": "2024-03-05T21:09:00",
    "media_type": "reel",
    "reach": 17350,
    "impressions": 18151,
    "profile_visits": 78,
    "follows": 17
  },
  {
    "media_id": "post_66",
    "caption": "Reel #66 | Casual Look | Everyday casual fit you can wear on repeat.",
    "timestamp": "2024-03-06T19:11:00",
    "media_type": "reel",
    "reach": 3384,
    "impressions": 3767,
    "profile_visits": 127,
    "follows": 8
  },
  {
    "media_id": "post_67",
    "caption": "Carousel lookbook #67 | Workwear | Workwear that feels like loungewear but looks like power dressing.",
    "timestamp": "2024-03-07T10:27:00",
    "media_type": "carousel",
    "reach": 31374,
    "impressions": 32127,
    "profile_visits": 37,
    "follows": 11
  },
  {
    "media_id": "post_68",
    "caption": "Photo drop #68 | Style Tip | How to style this piece three different ways.",
    "timestamp": "2024-03-08T16:29:00",
    "media_type": "image",
    "reach": 10450,
    "impressions": 10878,
    "profile_visits": 136,
    "follows": 24
  },
  {
    "media_id": "post_69",
    "caption": "Carousel lookbook #69 | Customer Review | Styled by our customer community—real people, real fits.",
    "timestamp": "2024-03-09T21:52:00",
    "media_type": "carousel",
    "reach": 27976,
    "impressions": 28205,
    "profile_visits": 66,
    "follows": 22
  },
  {
    "media_id": "post_70",
    "caption": "Reel #70 | New Drop | New arrival from our summer collection. Limited pieces only.",
    "timestamp": "2024-03-10T22:30:00",
    "media_type": "reel",
    "reach": 49472,
    "impressions": 49937,
    "profile_visits": 33,
    "follows": 12
  },
  {
    "media_id": "post_71",
    "caption": "Photo drop #71 | Style Tip | How to style this piece three different ways.",
    "timestamp": "2024-03-11T12:50:00",
    "media_type": "image",
    "reach": 115536,
    "impressions": 115646,
    "profile_visits": 146,
    "follows": 14
  },
  {
    "media_id": "post_72",
    "caption": "Reel #72 | Style Tip | How to style this piece three different ways.",
    "timestamp": "2024-03-12T15:45:00",
    "media_type": "reel",
    "reach": 32967,
    "impressions": 33301,
    "profile_visits": 140,
    "follows": 4
  },
  {
    "media_id": "post_73",
    "caption": "Reel #73 | Casual Look | Everyday casual fit you can wear on repeat.",
    "timestamp": "2024-03-13T15:04:00",
    "media_type": "reel",
    "reach": 44766,
    "impressions": 45129,
    "profile_visits": 109,
    "follows": 6
  },
  {
    "media_id": "post_74",
    "caption": "Photo drop #74 | Festive Edit | Festive edit with rich fabrics and comfy silhouettes.",
    "timestamp": "2024-03-14T12:05:00",
    "media_type": "image",
    "reach": 84151,
    "impressions": 84982,
    "profile_visits": 28,
    "follows": 4
  },
  {
    "media_id": "post_75",
    "caption": "Reel #75 | Festive Edit | Festive edit with rich fabrics and comfy silhouettes.",
    "timestamp": "2024-03-15T13:32:00",
    "media_type": "reel",
    "reach": 54797,
    "impressions": 54961,
    "profile_visits": 45,
    "follows": 1
  },
  {
    "media_id": "post_76",
    "caption": "Carousel lookbook #76 | Customer Review | Styled by our customer community—real people, real fits.",
    "timestamp": "2024-03-16T16:25:00",
    "media_type": "carousel",
    "reach": 8415,
    "impressions": 8838,
    "profile_visits": 96,
    "follows": 20
  },
  {
    "media_id": "post_77",
    "caption": "Photo drop #77 | Casual Look | Everyday casual fit you can wear on repeat.",
    "timestamp": "2024-03-17T16:23:00",
    "media_type": "image",
    "reach": 6264,
    "impressions": 6576,
    "profile_visits": 136,
    "follows": 18
  },
  {
    "media_id": "post_78",
    "caption": "Reel #78 | Outfit Reel | Full outfit try-on from our latest launch.",
    "timestamp": "2024-03-18T12:54:00",
    "media_type": "reel",
    "reach": 41670,
    "impressions": 42108,
    "profile_visits": 133,
    "follows": 9
  },
  {
    "media_id": "post_79",
    "caption": "Reel #79 | Style Tip | How to style this piece three different ways.",
    "timestamp": "2024-03-19T15:46:00",
    "media_type": "reel",
    "reach": 36372,
    "impressions": 37097,
    "profile_visits": 150,
    "follows": 5
  },
  {
    "media_id": "post_80",
    "caption": "Photo drop #80 | Outfit Reel | Full outfit try-on from our latest launch.",
    "timestamp": "2024-03-20T12:49:00",
    "media_type": "image",
    "reach": 78432,
    "impressions": 79225,
    "profile_visits": 75,
    "follows": 25
  },
  {
    "media_id": "post_81",
    "caption": "Carousel lookbook #81 | Sale Promo | Flash sale is live for 24 hours. Add to cart before it sells out.",
    "timestamp": "2024-03-21T13:11:00",
    "media_type": "carousel",
    "reach": 71331,
    "impressions": 71991,
    "profile_visits": 134,
    "follows": 23
  },
  {
    "media_id": "post_82",
    "caption": "Photo drop #82 | Outfit Reel | Full outfit try-on from our latest launch.",
    "timestamp": "2024-03-22T19:59:00",
    "media_type": "image",
    "reach": 35190,
    "impressions": 35601,
    "profile_visits": 56,
    "follows": 15
  },
  {
    "media_id": "post_83",
    "caption": "Photo drop #83 | Weekend Outfit | Weekend-ready outfit for brunch, movies or a coffee run.",
    "timestamp": "2024-03-23T13:39:00",
    "media_type": "image",
    "reach": 24921,
    "impressions": 25623,
    "profile_visits": 94,
    "follows": 25
  },
  {
    "media_id": "post_84",
    "caption": "Reel #84 | New Drop | New arrival from our summer collection. Limited pieces only.",
    "timestamp": "2024-03-24T12:39:00",
    "media_type": "reel",
    "reach": 30960,
    "impressions": 31697,
    "profile_visits": 98,
    "follows": 2
  },
  {
    "media_id": "post_85",
    "caption": "Photo drop #85 | Customer Review | Styled by our customer community—real people, real fits.",
    "timestamp": "2024-03-25T10:15:00",
    "media_type": "image",
    "reach": 26052,
    "impressions": 26624,
    "profile_visits": 39,
    "follows": 18
  },
  {
    "media_id": "post_86",
    "caption": "Carousel lookbook #86 | Sale Promo | Flash sale is live for 24 hours. Add to cart before it sells out.",
    "timestamp": "2024-03-26T17:03:00",
    "media_type": "carousel",
    "reach": 12888,
    "impressions": 13231,
    "profile_visits": 130,
    "follows": 25
  },
  {
    "media_id": "post_87",
    "caption": "Reel #87 | Festive Edit | Festive edit with rich fabrics and comfy silhouettes.",
    "timestamp": "2024-03-27T11:37:00",
    "media_type": "reel",
    "reach": 7208,
    "impressions": 7751,
    "profile_visits": 51,
    "follows": 7
  },
  {
    "media_id": "post_88",
    "caption": "Carousel lookbook #88 | Workwear | Workwear that feels like loungewear but looks like power dressing.",
    "timestamp": "2024-03-28T12:19:00",
    "media_type": "carousel",
    "reach": 59157,
    "impressions": 59419,
    "profile_visits": 74,
    "follows": 16
  },
  {
    "media_id": "post_89",
    "caption": "Photo drop #89 | Behind the Scenes | Behind the scenes from today’s studio shoot.",
    "timestamp": "2024-03-29T20:07:00",
    "media_type": "image",
    "reach": 38870,
    "impressions": 39706,
    "profile_visits": 74,
    "follows": 18
  },
  {
    "media_id": "post_90",
    "caption": "Photo drop #90 | Weekend Outfit | Weekend-ready outfit for brunch, movies or a coffee run.",
    "timestamp": "2024-03-30T19:51:00",
    "media_type": "image",
    "reach": 60416,
    "impressions": 60773,
    "profile_visits": 83,
    "follows": 8
  },
  {
    "media_id": "post_91",
    "caption": "Photo drop #91 | Sale Promo | Flash sale is live for 24 hours. Add to cart before it sells out.",
    "timestamp": "2024-03-31T11:39:00",
    "media_type": "image",
    "reach": 6396,
    "impressions": 7021,
    "profile_visits": 33,
    "follows": 6
  },
  {
    "media_id": "post_92",
    "caption": "Carousel lookbook #92 | Style Tip | How to style this piece three different ways.",
    "timestamp": "2024-04-01T16:20:00",
    "media_type": "carousel",
    "reach": 64804,
    "impressions": 65002,
    "profile_visits": 51,
    "follows": 9
  },
  {
    "media_id": "post_93",
    "caption": "Reel #93 | Workwear | Workwear that feels like loungewear but looks like power dressing.",
    "timestamp": "2024-04-02T14:08:00",
    "media_type": "reel",
    "reach": 62468,
    "impressions": 63059,
    "profile_visits": 46,
    "follows": 8
  },
  {
    "media_id": "post_94",
    "caption": "Carousel lookbook #94 | Behind the Scenes | Behind the scenes from today’s studio shoot.",
    "timestamp": "2024-04-03T14:59:00",
    "media_type": "carousel",
    "reach": 24300,
    "impressions": 24505,
    "profile_visits": 110,
    "follows": 15
  },
  {
    "media_id": "post_95",
    "caption": "Photo drop #95 | Outfit Reel | Full outfit try-on from our latest launch.",
    "timestamp": "2024-04-04T16:24:00",
    "media_type": "image",
    "reach": 39744,
    "impressions": 40055,
    "profile_visits": 77,
    "follows": 24
  },
  {
    "media_id": "post_96",
    "caption": "Reel #96 | Festive Edit | Festive edit with rich fabrics and comfy silhouettes.",
    "timestamp": "2024-04-05T21:27:00",
    "media_type": "reel",
    "reach": 29602,
    "impressions": 30488,
    "profile_visits": 125,
    "follows": 22
  },
  {
    "media_id": "post_97",
    "caption": "Carousel lookbook #97 | Sale Promo | Flash sale is live for 24 hours. Add to cart before it sells out.",
    "timestamp": "2024-04-06T19:00:00",
    "media_type": "carousel",
    "reach": 59856,
    "impressions": 60114,
    "profile_visits": 128,
    "follows": 23
  },
  {
    "media_id": "post_98",
    "caption": "Carousel lookbook #98 | New Drop | New arrival from our summer collection. Limited pieces only.",
    "timestamp": "2024-04-07T18:20:00",
    "media_type": "carousel",
    "reach": 89276,
    "impressions": 90060,
    "profile_visits": 20,
    "follows": 9
  },
  {
    "media_id": "post_99",
    "caption": "Reel #99 | Outfit Reel | Full outfit try-on from our latest launch.",
    "timestamp": "2024-04-08T11:51:00",
    "media_type": "reel",
    "reach": 53325,
    "impressions": 53672,
    "profile_visits": 59,
    "follows": 21
  },
  {
    "media_id": "post_100",
    "caption": "Reel #100 | Casual Look | Everyday casual fit you can wear on repeat.",
    "timestamp": "2024-04-09T13:50:00",
    "media_type": "reel",
    "reach": 80457,
    "impressions": 81133,
    "profile_visits": 98,
    "follows": 5
  },
  {
    "media_id": "post_101",
    "caption": "Carousel lookbook #101 | Workwear | Workwear that feels like loungewear but looks like power dressing.",
    "timestamp": "2024-04-10T10:14:00",
    "media_type": "carousel",
    "reach": 51566,
    "impressions": 51837,
    "profile_visits": 132,
    "follows": 18
  },
  {
    "media_id": "post_102",
    "caption": "Carousel lookbook #102 | New Drop | New arrival from our summer collection. Limited pieces only.",
    "timestamp": "2024-04-11T20:30:00",
    "media_type": "carousel",
    "reach": 8304,
    "impressions": 8879,
    "profile_visits": 41,
    "follows": 17
  },
  {
    "media_id": "post_103",
    "caption": "Carousel lookbook #103 | Weekend Outfit | Weekend-ready outfit for brunch, movies or a coffee run.",
    "timestamp": "2024-04-12T16:02:00",
    "media_type": "carousel",
    "reach": 44523,
    "impressions": 44850,
    "profile_visits": 33,
    "follows": 17
  },
  {
    "media_id": "post_104",
    "caption": "Reel #104 | Casual Look | Everyday casual fit you can wear on repeat.",
    "timestamp": "2024-04-13T17:32:00",
    "media_type": "reel",
    "reach": 58131,
    "impressions": 58563,
    "profile_visits": 147,
    "follows": 20
  },
  {
    "media_id": "post_105",
    "caption": "Photo drop #105 | New Drop | New arrival from our summer collection. Limited pieces only.",
    "timestamp": "2024-04-14T12:52:00",
    "media_type": "image",
    "reach": 76024,
    "impressions": 76410,
    "profile_visits": 50,
    "follows": 18
  },
  {
    "media_id": "post_106",
    "caption": "Reel #106 | Outfit Reel | Full outfit try-on from our latest launch.",
    "timestamp": "2024-04-15T22:25:00",
    "media_type": "reel",
    "reach": 21508,
    "impressions": 21989,
    "profile_visits": 108,
    "follows": 4
  },
  {
    "media_id": "post_107",
    "caption": "Photo drop #107 | New Drop | New arrival from our summer collection. Limited pieces only.",
    "timestamp": "2024-04-16T18:28:00",
    "media_type": "image",
    "reach": 27795,
    "impressions": 28558,
    "profile_visits": 101,
    "follows": 21
  },
  {
    "media_id": "post_108",
    "caption": "Carousel lookbook #108 | Sale Promo | Flash sale is live for 24 hours. Add to cart before it sells out.",
    "timestamp": "2024-04-17T10:10:00",
    "media_type": "carousel",
    "reach": 40830,
    "impressions": 41383,
    "profile_visits": 66,
    "follows": 19
  },
  {
    "media_id": "post_109",
    "caption": "Reel #109 | Weekend Outfit | Weekend-ready outfit for brunch, movies or a coffee run.",
    "timestamp": "2024-04-18T14:18:00",
    "media_type": "reel",
    "reach": 44156,
    "impressions": 44777,
    "profile_visits": 55,
    "follows": 15
  },
  {
    "media_id": "post_110",
    "caption": "Photo drop #110 | Outfit Reel | Full outfit try-on from our latest launch.",
    "timestamp": "2024-04-19T16:33:00",
    "media_type": "image",
    "reach": 12780,
    "impressions": 13562,
    "profile_visits": 141,
    "follows": 21
  },
  {
    "media_id": "post_111",
    "caption": "Reel #111 | New Drop | New arrival from our summer collection. Limited pieces only.",
    "timestamp": "2024-04-20T12:13:00",
    "media_type": "reel",
    "reach": 24450,
    "impressions": 25179,
    "profile_visits": 78,
    "follows": 14
  },
  {
    "media_id": "post_112",
    "caption": "Carousel lookbook #112 | Casual Look | Everyday casual fit you can wear on repeat.",
    "timestamp": "2024-04-21T11:58:00",
    "media_type": "carousel",
    "reach": 45522,
    "impressions": 45627,
    "profile_visits": 73,
    "follows": 22
  },
  {
    "media_id": "post_113",
    "caption": "Photo drop #113 | Workwear | Workwear that feels like loungewear but looks like power dressing.",
    "timestamp": "2024-04-22T11:15:00",
    "media_type": "image",
    "reach": 42504,
    "impressions": 43292,
    "profile_visits": 31,
    "follows": 18
  },
  {
    "media_id": "post_114",
    "caption": "Reel #114 | Outfit Reel | Full outfit try-on from our latest launch.",
    "timestamp": "2024-04-23T13:41:00",
    "media_type": "reel",
    "reach": 64454,
    "impressions": 64889,
    "profile_visits": 24,
    "follows": 6
  },
  {
    "media_id": "post_115",
    "caption": "Carousel lookbook #115 | Customer Review | Styled by our customer community—real people, real fits.",
    "timestamp": "2024-04-24T21:27:00",
    "media_type": "carousel",
    "reach": 31936,
    "impressions": 32545,
    "profile_visits": 117,
    "follows": 3
  },
  {
    "media_id": "post_116",
    "caption": "Photo drop #116 | Outfit Reel | Full outfit try-on from our latest launch.",
    "timestamp": "2024-04-25T11:45:00",
    "media_type": "image",
    "reach": 46345,
    "impressions": 46692,
    "profile_visits": 128,
    "follows": 1
  },
  {
    "media_id": "post_117",
    "caption": "Carousel lookbook #117 | Sale Promo | Flash sale is live for 24 hours. Add to cart before it sells out.",
    "timestamp": "2024-04-26T09:04:00",
    "media_type": "carousel",
    "reach": 103650,
    "impressions": 103891,
    "profile_visits": 137,
    "follows": 19
  },
  {
    "media_id": "post_118",
    "caption": "Photo drop #118 | Style Tip | How to style this piece three different ways.",
    "timestamp": "2024-04-27T19:39:00",
    "media_type": "image",
    "reach": 81444,
    "impressions": 81609,
    "profile_visits": 33,
    "follows": 5
  },
  {
    "media_id": "post_119",
    "caption": "Carousel lookbook #119 | Sale Promo | Flash sale is live for 24 hours. Add to cart before it sells out.",
    "timestamp": "2024-04-28T16:37:00",
    "media_type": "carousel",
    "reach": 71880,
    "impressions": 72208,
    "profile_visits": 36,
    "follows": 9
  },
  {
    "media_id": "post_120",
    "caption": "Reel #120 | Style Tip | How to style this piece three different ways.",
    "timestamp": "2024-04-29T21:39:00",
    "media_type": "reel",
    "reach": 16665,
    "impressions": 17462,
    "profile_visits": 107,
    "follows": 4
  },
  {
    "media_id": "post_121",
    "caption": "Reel #121 | New Drop | New arrival from our summer collection. Limited pieces only.",
    "timestamp": "2024-04-30T12:32:00",
    "media_type": "reel",
    "reach": 7580,
    "impressions": 8470,
    "profile_visits": 147,
    "follows": 13
  },
  {
    "media_id": "post_122",
    "caption": "Reel #122 | Workwear | Workwear that feels like loungewear but looks like power dressing.",
    "timestamp": "2024-05-01T12:23:00",
    "media_type": "reel",
    "reach": 41034,
    "impressions": 41631,
    "profile_visits": 29,
    "follows": 4
  },
  {
    "media_id": "post_123",
    "caption": "Reel #123 | Festive Edit | Festive edit with rich fabrics and comfy silhouettes.",
    "timestamp": "2024-05-02T10:57:00",
    "media_type": "reel",
    "reach": 44448,
    "impressions": 45282,
    "profile_visits": 67,
    "follows": 12
  },
  {
    "media_id": "post_124",
    "caption": "Photo drop #124 | Outfit Reel | Full outfit try-on from our latest launch.",
    "timestamp": "2024-05-03T20:57:00",
    "media_type": "image",
    "reach": 83028,
    "impressions": 83393,
    "profile_visits": 19,
    "follows": 3
  },
  {
    "media_id": "post_125",
    "caption": "Carousel lookbook #125 | Style Tip | How to style this piece three different ways.",
    "timestamp": "2024-05-04T13:54:00",
    "media_type": "carousel",
    "reach": 52448,
    "impressions": 52894,
    "profile_visits": 133,
    "follows": 22
  },
  {
    "media_id": "post_126",
    "caption": "Carousel lookbook #126 | Casual Look | Everyday casual fit you can wear on repeat.",
    "timestamp": "2024-05-05T11:50:00",
    "media_type": "carousel",
    "reach": 125244,
    "impressions": 126102,
    "profile_visits": 142,
    "follows": 21
  },
  {
    "media_id": "post_127",
    "caption": "Carousel lookbook #127 | Behind the Scenes | Behind the scenes from today’s studio shoot.",
    "timestamp": "2024-05-06T19:55:00",
    "media_type": "carousel",
    "reach": 23577,
    "impressions": 24340,
    "profile_visits": 33,
    "follows": 3
  },
  {
    "media_id": "post_128",
    "caption": "Photo drop #128 | Workwear | Workwear that feels like loungewear but looks like power dressing.",
    "timestamp": "2024-05-07T16:56:00",
    "media_type": "image",
    "reach": 67782,
    "impressions": 68198,
    "profile_visits": 86,
    "follows": 22
  },
  {
    "media_id": "post_129",
    "caption": "Carousel lookbook #129 | New Drop | New arrival from our summer collection. Limited pieces only.",
    "timestamp": "2024-05-08T17:37:00",
    "media_type": "carousel",
    "reach": 98083,
    "impressions": 98882,
    "profile_visits": 137,
    "follows": 14
  },
  {
    "media_id": "post_130",
    "caption": "Reel #130 | Style Tip | How to style this piece three different ways.",
    "timestamp": "2024-05-09T11:42:00",
    "media_type": "reel",
    "reach": 37260,
    "impressions": 37447,
    "profile_visits": 87,
    "follows": 11
  },
  {
    "media_id": "post_131",
    "caption": "Carousel lookbook #131 | Festive Edit | Festive edit with rich fabrics and comfy silhouettes.",
    "timestamp": "2024-05-10T11:20:00",
    "media_type": "carousel",
    "reach": 39930,
    "impressions": 40610,
    "profile_visits": 115,
    "follows": 12
  },
  {
    "media_id": "post_132",
    "caption": "Carousel lookbook #132 | New Drop | New arrival from our summer collection. Limited pieces only.",
    "timestamp": "2024-05-11T15:49:00",
    "media_type": "carousel",
    "reach": 39336,
    "impressions": 39908,
    "profile_visits": 70,
    "follows": 15
  },
  {
    "media_id": "post_133",
    "caption": "Photo drop #133 | Outfit Reel | Full outfit try-on from our latest launch.",
    "timestamp": "2024-05-12T10:13:00",
    "media_type": "image",
    "reach": 51014,
    "impressions": 51435,
    "profile_visits": 35,
    "follows": 13
  },
  {
    "media_id": "post_134",
    "caption": "Photo drop #134 | Festive Edit | Festive edit with rich fabrics and comfy silhouettes.",
    "timestamp": "2024-05-13T14:52:00",
    "media_type": "image",
    "reach": 29370,
    "impressions": 29766,
    "profile_visits": 71,
    "follows": 15
  },
  {
    "media_id": "post_135",
    "caption": "Reel #135 | Behind the Scenes | Behind the scenes from today’s studio shoot.",
    "timestamp": "2024-05-14T15:10:00",
    "media_type": "reel",
    "reach": 40380,
    "impressions": 40932,
    "profile_visits": 25,
    "follows": 12
  },
  {
    "media_id": "post_136",
    "caption": "Photo drop #136 | Festive Edit | Festive edit with rich fabrics and comfy silhouettes.",
    "timestamp": "2024-05-15T13:53:00",
    "media_type": "image",
    "reach": 66744,
    "impressions": 67627,
    "profile_visits": 20,
    "follows": 18
  },
  {
    "media_id": "post_137",
    "caption": "Photo drop #137 | Outfit Reel | Full outfit try-on from our latest launch.",
    "timestamp": "2024-05-16T11:07:00",
    "media_type": "image",
    "reach": 116963,
    "impressions": 117593,
    "profile_visits": 38,
    "follows": 8
  },
  {
    "media_id": "post_138",
    "caption": "Carousel lookbook #138 | Casual Look | Everyday casual fit you can wear on repeat.",
    "timestamp": "2024-05-17T16:30:00",
    "media_type": "carousel",
    "reach": 57616,
    "impressions": 58426,
    "profile_visits": 39,
    "follows": 1
  },
  {
    "media_id": "post_139",
    "caption": "Carousel lookbook #139 | Behind the Scenes | Behind the scenes from today’s studio shoot.",
    "timestamp": "2024-05-18T22:44:00",
    "media_type": "carousel",
    "reach": 35640,
    "impressions": 36501,
    "profile_visits": 19,
    "follows": 18
  },
  {
    "media_id": "post_140",
    "caption": "Photo drop #140 | Behind the Scenes | Behind the scenes from today’s studio shoot.",
    "timestamp": "2024-05-19T11:11:00",
    "media_type": "image",
    "reach": 13584,
    "impressions": 14096,
    "profile_visits": 142,
    "follows": 18
  },
  {
    "media_id": "post_141",
    "caption": "Reel #141 | Outfit Reel | Full outfit try-on from our latest launch.",
    "timestamp": "2024-05-20T16:46:00",
    "media_type": "reel",
    "reach": 26055,
    "impressions": 26873,
    "profile_visits": 67,
    "follows": 12
  },
  {
    "media_id": "post_142",
    "caption": "Photo drop #142 | Sale Promo | Flash sale is live for 24 hours. Add to cart before it sells out.",
    "timestamp": "2024-05-21T19:46:00",
    "media_type": "image",
    "reach": 54817,
    "impressions": 54953,
    "profile_visits": 131,
    "follows": 8
  },
  {
    "media_id": "post_143",
    "caption": "Reel #143 | Style Tip | How to style this piece three different ways.",
    "timestamp": "2024-05-22T12:54:00",
    "media_type": "reel",
    "reach": 95355,
    "impressions": 95809,
    "profile_visits": 65,
    "follows": 2
  },
  {
    "media_id": "post_144",
    "caption": "Carousel lookbook #144 | Casual Look | Everyday casual fit you can wear on repeat.",
    "timestamp": "2024-05-23T12:33:00",
    "media_type": "carousel",
    "reach": 29264,
    "impressions": 29786,
    "profile_visits": 41,
    "follows": 1
  },
  {
    "media_id": "post_145",
    "caption": "Reel #145 | Festive Edit | Festive edit with rich fabrics and comfy silhouettes.",
    "timestamp": "2024-05-24T13:35:00",
    "media_type": "reel",
    "reach": 15925,
    "impressions": 16707,
    "profile_visits": 104,
    "follows": 19
  },
  {
    "media_id": "post_146",
    "caption": "Reel #146 | Festive Edit | Festive edit with rich fabrics and comfy silhouettes.",
    "timestamp": "2024-05-25T13:29:00",
    "media_type": "reel",
    "reach": 14880,
    "impressions": 15422,
    "profile_visits": 67,
    "follows": 24
  },
  {
    "media_id": "post_147",
    "caption": "Photo drop #147 | Festive Edit | Festive edit with rich fabrics and comfy silhouettes.",
    "timestamp": "2024-05-26T09:44:00",
    "media_type": "image",
    "reach": 24099,
    "impressions": 24516,
    "profile_visits": 83,
    "follows": 19
  },
  {
    "media_id": "post_148",
    "caption": "Carousel lookbook #148 | Outfit Reel | Full outfit try-on from our latest launch.",
    "timestamp": "2024-05-27T11:19:00",
    "media_type": "carousel",
    "reach": 112650,
    "impressions": 112790,
    "profile_visits": 87,
    "follows": 13
  },
  {
    "media_id": "post_149",
    "caption": "Photo drop #149 | Casual Look | Everyday casual fit you can wear on repeat.",
    "timestamp": "2024-05-28T09:41:00",
    "media_type": "image",
    "reach": 7300,
    "impressions": 7665,
    "profile_visits": 70,
    "follows": 2
  },
  {
    "media_id": "post_150",
    "caption": "Carousel lookbook #150 | Weekend Outfit | Weekend-ready outfit for brunch, movies or a coffee run.",
    "timestamp": "2024-05-29T17:57:00",
    "media_type": "carousel",
    "reach": 34034,
    "impressions": 34264,
    "profile_visits": 100,
    "follows": 18
  },
  {
    "media_id": "post_151",
    "caption": "Carousel lookbook #151 | Outfit Reel | Full outfit try-on from our latest launch.",
    "timestamp": "2024-05-30T15:17:00",
    "media_type": "carousel",
    "reach": 67368,
    "impressions": 68059,
    "profile_visits": 77,
    "follows": 1
  },
  {
    "media_id": "post_152",
    "caption": "Reel #152 | Festive Edit | Festive edit with rich fabrics and comfy silhouettes.",
    "timestamp": "2024-05-31T11:59:00",
    "media_type": "reel",
    "reach": 77940,
    "impressions": 78331,
    "profile_visits": 65,
    "follows": 16
  },
  {
    "media_id": "post_153",
    "caption": "Carousel lookbook #153 | Customer Review | Styled by our customer community—real people, real fits.",
    "timestamp": "2024-06-01T11:57:00",
    "media_type": "carousel",
    "reach": 55195,
    "impressions": 55858,
    "profile_visits": 44,
    "follows": 21
  },
  {
    "media_id": "post_154",
    "caption": "Carousel lookbook #154 | Outfit Reel | Full outfit try-on from our latest launch.",
    "timestamp": "2024-06-02T19:40:00",
    "media_type": "carousel",
    "reach": 39312,
    "impressions": 39936,
    "profile_visits": 135,
    "follows": 10
  },
  {
    "media_id": "post_155",
    "caption": "Carousel lookbook #155 | Weekend Outfit | Weekend-ready outfit for brunch, movies or a coffee run.",
    "timestamp": "2024-06-03T20:34:00",
    "media_type": "carousel",
    "reach": 47840,
    "impressions": 48722,
    "profile_visits": 123,
    "follows": 23
  },
  {
    "media_id": "post_156",
    "caption": "Reel #156 | Workwear | Workwear that feels like loungewear but looks like power dressing.",
    "timestamp": "2024-06-04T14:48:00",
    "media_type": "reel",
    "reach": 13650,
    "impressions": 14317,
    "profile_visits": 89,
    "follows": 16
  },
  {
    "media_id": "post_157",
    "caption": "Reel #157 | Style Tip | How to style this piece three different ways.",
    "timestamp": "2024-06-05T10:17:00",
    "media_type": "reel",
    "reach": 28888,
    "impressions": 29353,
    "profile_visits": 32,
    "follows": 21
  },
  {
    "media_id": "post_158",
    "caption": "Photo drop #158 | Customer Review | Styled by our customer community—real people, real fits.",
    "timestamp": "2024-06-06T21:42:00",
    "media_type": "image",
    "reach": 9592,
    "impressions": 10374,
    "profile_visits": 28,
    "follows": 23
  },
  {
    "media_id": "post_159",
    "caption": "Photo drop #159 | Casual Look | Everyday casual fit you can wear on repeat.",
    "timestamp": "2024-06-07T16:44:00",
    "media_type": "image",
    "reach": 30744,
    "impressions": 31379,
    "profile_visits": 26,
    "follows": 21
  },
  {
    "media_id": "post_160",
    "caption": "Carousel lookbook #160 | Outfit Reel | Full outfit try-on from our latest launch.",
    "timestamp": "2024-06-08T20:00:00",
    "media_type": "carousel",
    "reach": 21816,
    "impressions": 21953,
    "profile_visits": 137,
    "follows": 13
  },
  {
    "media_id": "post_161",
    "caption": "Reel #161 | New Drop | New arrival from our summer collection. Limited pieces only.",
    "timestamp": "2024-06-09T14:11:00",
    "media_type": "reel",
    "reach": 20730,
    "impressions": 21361,
    "profile_visits": 31,
    "follows": 25
  },
  {
    "media_id": "post_162",
    "caption": "Photo drop #162 | New Drop | New arrival from our summer collection. Limited pieces only.",
    "timestamp": "2024-06-10T19:34:00",
    "media_type": "image",
    "reach": 87949,
    "impressions": 88207,
    "profile_visits": 119,
    "follows": 15
  },
  {
    "media_id": "post_163",
    "caption": "Photo drop #163 | Style Tip | How to style this piece three different ways.",
    "timestamp": "2024-06-11T09:03:00",
    "media_type": "image",
    "reach": 31200,
    "impressions": 32087,
    "profile_visits": 147,
    "follows": 25
  },
  {
    "media_id": "post_164",
    "caption": "Photo drop #164 | Behind the Scenes | Behind the scenes from today’s studio shoot.",
    "timestamp": "2024-06-12T22:52:00",
    "media_type": "image",
    "reach": 103240,
    "impressions": 103819,
    "profile_visits": 138,
    "follows": 10
  },
  {
    "media_id": "post_165",
    "caption": "Reel #165 | Workwear | Workwear that feels like loungewear but looks like power dressing.",
    "timestamp": "2024-06-13T10:08:00",
    "media_type": "reel",
    "reach": 45360,
    "impressions": 45819,
    "profile_visits": 112,
    "follows": 11
  },
  {
    "media_id": "post_166",
    "caption": "Reel #166 | Style Tip | How to style this piece three different ways.",
    "timestamp": "2024-06-14T14:08:00",
    "media_type": "reel",
    "reach": 7440,
    "impressions": 8017,
    "profile_visits": 110,
    "follows": 11
  },
  {
    "media_id": "post_167",
    "caption": "Carousel lookbook #167 | Style Tip | How to style this piece three different ways.",
    "timestamp": "2024-06-15T20:31:00",
    "media_type": "carousel",
    "reach": 38240,
    "impressions": 38528,
    "profile_visits": 111,
    "follows": 24
  },
  {
    "media_id": "post_168",
    "caption": "Reel #168 | Behind the Scenes | Behind the scenes from today’s studio shoot.",
    "timestamp": "2024-06-16T16:33:00",
    "media_type": "reel",
    "reach": 73890,
    "impressions": 74221,
    "profile_visits": 101,
    "follows": 22
  },
  {
    "media_id": "post_169",
    "caption": "Reel #169 | Customer Review | Styled by our customer community—real people, real fits.",
    "timestamp": "2024-06-17T15:05:00",
    "media_type": "reel",
    "reach": 20767,
    "impressions": 21083,
    "profile_visits": 124,
    "follows": 24
  },
  {
    "media_id": "post_170",
    "caption": "Photo drop #170 | Workwear | Workwear that feels like loungewear but looks like power dressing.",
    "timestamp": "2024-06-18T09:30:00",
    "media_type": "image",
    "reach": 22215,
    "impressions": 22778,
    "profile_visits": 38,
    "follows": 13
  },
  {
    "media_id": "post_171",
    "caption": "Reel #171 | Outfit Reel | Full outfit try-on from our latest launch.",
    "timestamp": "2024-06-19T17:08:00",
    "media_type": "reel",
    "reach": 26586,
    "impressions": 27451,
    "profile_visits": 33,
    "follows": 12
  },
  {
    "media_id": "post_172",
    "caption": "Photo drop #172 | Weekend Outfit | Weekend-ready outfit for brunch, movies or a coffee run.",
    "timestamp": "2024-06-20T14:33:00",
    "media_type": "image",
    "reach": 56848,
    "impressions": 57165,
    "profile_visits": 89,
    "follows": 9
  },
  {
    "media_id": "post_173",
    "caption": "Reel #173 | Behind the Scenes | Behind the scenes from today’s studio shoot.",
    "timestamp": "2024-06-21T11:48:00",
    "media_type": "reel",
    "reach": 52248,
    "impressions": 52473,
    "profile_visits": 28,
    "follows": 25
  },
  {
    "media_id": "post_174",
    "caption": "Reel #174 | Weekend Outfit | Weekend-ready outfit for brunch, movies or a coffee run.",
    "timestamp": "2024-06-22T12:08:00",
    "media_type": "reel",
    "reach": 16170,
    "impressions": 16390,
    "profile_visits": 17,
    "follows": 22
  },
  {
    "media_id": "post_175",
    "caption": "Photo drop #175 | Customer Review | Styled by our customer community—real people, real fits.",
    "timestamp": "2024-06-23T17:12:00",
    "media_type": "image",
    "reach": 91770,
    "impressions": 92234,
    "profile_visits": 122,
    "follows": 20
  },
  {
    "media_id": "post_176",
    "caption": "Carousel lookbook #176 | Style Tip | How to style this piece three different ways.",
    "timestamp": "2024-06-24T16:17:00",
    "media_type": "carousel",
    "reach": 6336,
    "impressions": 6486,
    "profile_visits": 122,
    "follows": 6
  },
  {
    "media_id": "post_177",
    "caption": "Reel #177 | Outfit Reel | Full outfit try-on from our latest launch.",
    "timestamp": "2024-06-25T14:21:00",
    "media_type": "reel",
    "reach": 24876,
    "impressions": 25292,
    "profile_visits": 130,
    "follows": 17
  },
  {
    "media_id": "post_178",
    "caption": "Carousel lookbook #178 | Casual Look | Everyday casual fit you can wear on repeat.",
    "timestamp": "2024-06-26T13:52:00",
    "media_type": "carousel",
    "reach": 69254,
    "impressions": 69729,
    "profile_visits": 28,
    "follows": 24
  },
  {
    "media_id": "post_179",
    "caption": "Carousel lookbook #179 | New Drop | New arrival from our summer collection. Limited pieces only.",
    "timestamp": "2024-06-27T21:23:00",
    "media_type": "carousel",
    "reach": 14195,
    "impressions": 14447,
    "profile_visits": 32,
    "follows": 5
  },
  {
    "media_id": "post_180",
    "caption": "Carousel lookbook #180 | Workwear | Workwear that feels like loungewear but looks like power dressing.",
    "timestamp": "2024-06-28T12:14:00",
    "media_type": "carousel",
    "reach": 22504,
    "impressions": 23152,
    "profile_visits": 18,
    "follows": 20
  },
  {
    "media_id": "post_181",
    "caption": "Photo drop #181 | Outfit Reel | Full outfit try-on from our latest launch.",
    "timestamp": "2024-06-29T17:51:00",
    "media_type": "image",
    "reach": 16704,
    "impressions": 17431,
    "profile_visits": 62,
    "follows": 2
  },
  {
    "media_id": "post_182",
    "caption": "Carousel lookbook #182 | Customer Review | Styled by our customer community—real people, real fits.",
    "timestamp": "2024-06-30T10:30:00",
    "media_type": "carousel",
    "reach": 43173,
    "impressions": 43699,
    "profile_visits": 24,
    "follows": 2
  },
  {
    "media_id": "post_183",
    "caption": "Carousel lookbook #183 | Casual Look | Everyday casual fit you can wear on repeat.",
    "timestamp": "2024-07-01T20:01:00",
    "media_type": "carousel",
    "reach": 61691,
    "impressions": 62477,
    "profile_visits": 23,
    "follows": 16
  },
  {
    "media_id": "post_184",
    "caption": "Carousel lookbook #184 | Customer Review | Styled by our customer community—real people, real fits.",
    "timestamp": "2024-07-02T20:38:00",
    "media_type": "carousel",
    "reach": 58940,
    "impressions": 59412,
    "profile_visits": 81,
    "follows": 18
  },
  {
    "media_id": "post_185",
    "caption": "Photo drop #185 | New Drop | New arrival from our summer collection. Limited pieces only.",
    "timestamp": "2024-07-03T14:54:00",
    "media_type": "image",
    "reach": 46722,
    "impressions": 47276,
    "profile_visits": 131,
    "follows": 21
  },
  {
    "media_id": "post_186",
    "caption": "Photo drop #186 | Festive Edit | Festive edit with rich fabrics and comfy silhouettes.",
    "timestamp": "2024-07-04T17:59:00",
    "media_type": "image",
    "reach": 77850,
    "impressions": 78496,
    "profile_visits": 110,
    "follows": 23
  },
  {
    "media_id": "post_187",
    "caption": "Carousel lookbook #187 | Customer Review | Styled by our customer community—real people, real fits.",
    "timestamp": "2024-07-05T18:18:00",
    "media_type": "carousel",
    "reach": 112896,
    "impressions": 113277,
    "profile_visits": 65,
    "follows": 25
  },
  {
    "media_id": "post_188",
    "caption": "Carousel lookbook #188 | Weekend Outfit | Weekend-ready outfit for brunch, movies or a coffee run.",
    "timestamp": "2024-07-06T18:10:00",
    "media_type": "carousel",
    "reach": 8400,
    "impressions": 8599,
    "profile_visits": 85,
    "follows": 3
  },
  {
    "media_id": "post_189",
    "caption": "Carousel lookbook #189 | Style Tip | How to style this piece three different ways.",
    "timestamp": "2024-07-07T13:20:00",
    "media_type": "carousel",
    "reach": 58408,
    "impressions": 58794,
    "profile_visits": 136,
    "follows": 9
  },
  {
    "media_id": "post_190",
    "caption": "Reel #190 | Outfit Reel | Full outfit try-on from our latest launch.",
    "timestamp": "2024-07-08T10:35:00",
    "media_type": "reel",
    "reach": 30515,
    "impressions": 31373,
    "profile_visits": 37,
    "follows": 17
  },
  {
    "media_id": "post_191",
    "caption": "Photo drop #191 | Outfit Reel | Full outfit try-on from our latest launch.",
    "timestamp": "2024-07-09T18:17:00",
    "media_type": "image",
    "reach": 76508,
    "impressions": 77094,
    "profile_visits": 19,
    "follows": 1
  },
  {
    "media_id": "post_192",
    "caption": "Reel #192 | Workwear | Workwear that feels like loungewear but looks like power dressing.",
    "timestamp": "2024-07-10T16:39:00",
    "media_type": "reel",
    "reach": 16044,
    "impressions": 16804,
    "profile_visits": 99,
    "follows": 3
  },
  {
    "media_id": "post_193",
    "caption": "Reel #193 | Weekend Outfit | Weekend-ready outfit for brunch, movies or a coffee run.",
    "timestamp": "2024-07-11T19:59:00",
    "media_type": "reel",
    "reach": 55042,
    "impressions": 55412,
    "profile_visits": 40,
    "follows": 12
  },
  {
    "media_id": "post_194",
    "caption": "Reel #194 | Weekend Outfit | Weekend-ready outfit for brunch, movies or a coffee run.",
    "timestamp": "2024-07-12T17:17:00",
    "media_type": "reel",
    "reach": 44870,
    "impressions": 45057,
    "profile_visits": 40,
    "follows": 10
  },
  {
    "media_id": "post_195",
    "caption": "Photo drop #195 | Weekend Outfit | Weekend-ready outfit for brunch, movies or a coffee run.",
    "timestamp": "2024-07-13T11:58:00",
    "media_type": "image",
    "reach": 81190,
    "impressions": 81389,
    "profile_visits": 135,
    "follows": 13
  },
  {
    "media_id": "post_196",
    "caption": "Photo drop #196 | Weekend Outfit | Weekend-ready outfit for brunch, movies or a coffee run.",
    "timestamp": "2024-07-14T10:04:00",
    "media_type": "image",
    "reach": 52760,
    "impressions": 52932,
    "profile_visits": 112,
    "follows": 25
  },
  {
    "media_id": "post_197",
    "caption": "Carousel lookbook #197 | Workwear | Workwear that feels like loungewear but looks like power dressing.",
    "timestamp": "2024-07-15T16:31:00",
    "media_type": "carousel",
    "reach": 38836,
    "impressions": 39382,
    "profile_visits": 115,
    "follows": 16
  },
  {
    "media_id": "post_198",
    "caption": "Photo drop #198 | Workwear | Workwear that feels like loungewear but looks like power dressing.",
    "timestamp": "2024-07-16T13:14:00",
    "media_type": "image",
    "reach": 104592,
    "impressions": 105199,
    "profile_visits": 132,
    "follows": 17
  },
  {
    "media_id": "post_199",
    "caption": "Reel #199 | Workwear | Workwear that feels like loungewear but looks like power dressing.",
    "timestamp": "2024-07-17T18:32:00",
    "media_type": "reel",
    "reach": 87948,
    "impressions": 88434,
    "profile_visits": 81,
    "follows": 2
  },
  {
    "media_id": "post_200",
    "caption": "Carousel lookbook #200 | Style Tip | How to style this piece three different ways.",
    "timestamp": "2024-07-18T09:01:00",
    "media_type": "carousel",
    "reach": 37395,
    "impressions": 38040,
    "profile_visits": 144,
    "follows": 2
  },
  {
    "media_id": "post_201",
    "caption": "Photo drop #201 | Workwear | Workwear that feels like loungewear but looks like power dressing.",
    "timestamp": "2024-07-19T20:49:00",
    "media_type": "image",
    "reach": 16520,
    "impressions": 16732,
    "profile_visits": 127,
    "follows": 6
  },
  {
    "media_id": "post_202",
    "caption": "Photo drop #202 | New Drop | New arrival from our summer collection. Limited pieces only.",
    "timestamp": "2024-07-20T10:04:00",
    "media_type": "image",
    "reach": 22560,
    "impressions": 22935,
    "profile_visits": 95,
    "follows": 3
  },
  {
    "media_id": "post_203",
    "caption": "Photo drop #203 | Style Tip | How to style this piece three different ways.",
    "timestamp": "2024-07-21T13:31:00",
    "media_type": "image",
    "reach": 40040,
    "impressions": 40614,
    "profile_visits": 65,
    "follows": 3
  },
  {
    "media_id": "post_204",
    "caption": "Photo drop #204 | Weekend Outfit | Weekend-ready outfit for brunch, movies or a coffee run.",
    "timestamp": "2024-07-22T13:07:00",
    "media_type": "image",
    "reach": 19950,
    "impressions": 20193,
    "profile_visits": 123,
    "follows": 13
  },
  {
    "media_id": "post_205",
    "caption": "Reel #205 | Outfit Reel | Full outfit try-on from our latest launch.",
    "timestamp": "2024-07-23T20:49:00",
    "media_type": "reel",
    "reach": 72238,
    "impressions": 72748,
    "profile_visits": 67,
    "follows": 25
  },
  {
    "media_id": "post_206",
    "caption": "Reel #206 | Behind the Scenes | Behind the scenes from today’s studio shoot.",
    "timestamp": "2024-07-24T16:11:00",
    "media_type": "reel",
    "reach": 61272,
    "impressions": 61431,
    "profile_visits": 84,
    "follows": 9
  },
  {
    "media_id": "post_207",
    "caption": "Carousel lookbook #207 | Outfit Reel | Full outfit try-on from our latest launch.",
    "timestamp": "2024-07-25T15:50:00",
    "media_type": "carousel",
    "reach": 43953,
    "impressions": 44099,
    "profile_visits": 78,
    "follows": 6
  },
  {
    "media_id": "post_208",
    "caption": "Carousel lookbook #208 | Sale Promo | Flash sale is live for 24 hours. Add to cart before it sells out.",
    "timestamp": "2024-07-26T16:21:00",
    "media_type": "carousel",
    "reach": 64976,
    "impressions": 65584,
    "profile_visits": 129,
    "follows": 11
  },
  {
    "media_id": "post_209",
    "caption": "Carousel lookbook #209 | Style Tip | How to style this piece three different ways.",
    "timestamp": "2024-07-27T16:51:00",
    "media_type": "carousel",
    "reach": 35148,
    "impressions": 35786,
    "profile_visits": 27,
    "follows": 19
  },
  {
    "media_id": "post_210",
    "caption": "Photo drop #210 | Sale Promo | Flash sale is live for 24 hours. Add to cart before it sells out.",
    "timestamp": "2024-07-28T21:11:00",
    "media_type": "image",
    "reach": 83115,
    "impressions": 83227,
    "profile_visits": 130,
    "follows": 24
  },
  {
    "media_id": "post_211",
    "caption": "Photo drop #211 | Behind the Scenes | Behind the scenes from today’s studio shoot.",
    "timestamp": "2024-07-29T19:20:00",
    "media_type": "image",
    "reach": 84600,
    "impressions": 85062,
    "profile_visits": 15,
    "follows": 14
  },
  {
    "media_id": "post_212",
    "caption": "Reel #212 | Customer Review | Styled by our customer community—real people, real fits.",
    "timestamp": "2024-07-30T13:40:00",
    "media_type": "reel",
    "reach": 17153,
    "impressions": 17844,
    "profile_visits": 51,
    "follows": 9
  },
  {
    "media_id": "post_213",
    "caption": "Reel #213 | Workwear | Workwear that feels like loungewear but looks like power dressing.",
    "timestamp": "2024-07-31T10:07:00",
    "media_type": "reel",
    "reach": 80220,
    "impressions": 80489,
    "profile_visits": 73,
    "follows": 21
  },
  {
    "media_id": "post_214",
    "caption": "Carousel lookbook #214 | New Drop | New arrival from our summer collection. Limited pieces only.",
    "timestamp": "2024-08-01T20:30:00",
    "media_type": "carousel",
    "reach": 69720,
    "impressions": 70415,
    "profile_visits": 103,
    "follows": 1
  },
  {
    "media_id": "post_215",
    "caption": "Photo drop #215 | Behind the Scenes | Behind the scenes from today’s studio shoot.",
    "timestamp": "2024-08-02T11:28:00",
    "media_type": "image",
    "reach": 32900,
    "impressions": 33772,
    "profile_visits": 77,
    "follows": 14
  },
  {
    "media_id": "post_216",
    "caption": "Photo drop #216 | Sale Promo | Flash sale is live for 24 hours. Add to cart before it sells out.",
    "timestamp": "2024-08-03T21:43:00",
    "media_type": "image",
    "reach": 18420,
    "impressions": 18848,
    "profile_visits": 30,
    "follows": 25
  },
  {
    "media_id": "post_217",
    "caption": "Reel #217 | Weekend Outfit | Weekend-ready outfit for brunch, movies or a coffee run.",
    "timestamp": "2024-08-04T16:55:00",
    "media_type": "reel",
    "reach": 3520,
    "impressions": 4276,
    "profile_visits": 56,
    "follows": 13
  },
  {
    "media_id": "post_218",
    "caption": "Photo drop #218 | Casual Look | Everyday casual fit you can wear on repeat.",
    "timestamp": "2024-08-05T13:39:00",
    "media_type": "image",
    "reach": 56070,
    "impressions": 56903,
    "profile_visits": 17,
    "follows": 21
  },
  {
    "media_id": "post_219",
    "caption": "Reel #219 | New Drop | New arrival from our summer collection. Limited pieces only.",
    "timestamp": "2024-08-06T21:08:00",
    "media_type": "reel",
    "reach": 61875,
    "impressions": 62108,
    "profile_visits": 105,
    "follows": 7
  },
  {
    "media_id": "post_220",
    "caption": "Photo drop #220 | Weekend Outfit | Weekend-ready outfit for brunch, movies or a coffee run.",
    "timestamp": "2024-08-07T18:08:00",
    "media_type": "image",
    "reach": 111850,
    "impressions": 111984,
    "profile_visits": 26,
    "follows": 14
  },
  {
    "media_id": "post_221",
    "caption": "Reel #221 | New Drop | New arrival from our summer collection. Limited pieces only.",
    "timestamp": "2024-08-08T10:42:00",
    "media_type": "reel",
    "reach": 51250,
    "impressions": 51580,
    "profile_visits": 128,
    "follows": 9
  },
  {
    "media_id": "post_222",
    "caption": "Photo drop #222 | Weekend Outfit | Weekend-ready outfit for brunch, movies or a coffee run.",
    "timestamp": "2024-08-09T21:52:00",
    "media_type": "image",
    "reach": 37056,
    "impressions": 37833,
    "profile_visits": 74,
    "follows": 25
  },
  {
    "media_id": "post_223",
    "caption": "Carousel lookbook #223 | Workwear | Workwear that feels like loungewear but looks like power dressing.",
    "timestamp": "2024-08-10T09:55:00",
    "media_type": "carousel",
    "reach": 22770,
    "impressions": 22967,
    "profile_visits": 149,
    "follows": 11
  },
  {
    "media_id": "post_224",
    "caption": "Photo drop #224 | Casual Look | Everyday casual fit you can wear on repeat.",
    "timestamp": "2024-08-11T15:12:00",
    "media_type": "image",
    "reach": 8903,
    "impressions": 9505,
    "profile_visits": 146,
    "follows": 21
  },
  {
    "media_id": "post_225",
    "caption": "Photo drop #225 | Sale Promo | Flash sale is live for 24 hours. Add to cart before it sells out.",
    "timestamp": "2024-08-12T20:08:00",
    "media_type": "image",
    "reach": 19590,
    "impressions": 19942,
    "profile_visits": 145,
    "follows": 21
  },
  {
    "media_id": "post_226",
    "caption": "Photo drop #226 | Sale Promo | Flash sale is live for 24 hours. Add to cart before it sells out.",
    "timestamp": "2024-08-13T13:03:00",
    "media_type": "image",
    "reach": 68739,
    "impressions": 68867,
    "profile_visits": 58,
    "follows": 8
  },
  {
    "media_id": "post_227",
    "caption": "Reel #227 | Sale Promo | Flash sale is live for 24 hours. Add to cart before it sells out.",
    "timestamp": "2024-08-14T16:26:00",
    "media_type": "reel",
    "reach": 37536,
    "impressions": 38129,
    "profile_visits": 113,
    "follows": 4
  },
  {
    "media_id": "post_228",
    "caption": "Photo drop #228 | Behind the Scenes | Behind the scenes from today’s studio shoot.",
    "timestamp": "2024-08-15T21:51:00",
    "media_type": "image",
    "reach": 33255,
    "impressions": 33774,
    "profile_visits": 77,
    "follows": 19
  },
  {
    "media_id": "post_229",
    "caption": "Carousel lookbook #229 | Outfit Reel | Full outfit try-on from our latest launch.",
    "timestamp": "2024-08-16T11:07:00",
    "media_type": "carousel",
    "reach": 66600,
    "impressions": 66779,
    "profile_visits": 101,
    "follows": 15
  },
  {
    "media_id": "post_230",
    "caption": "Reel #230 | Customer Review | Styled by our customer community—real people, real fits.",
    "timestamp": "2024-08-17T10:13:00",
    "media_type": "reel",
    "reach": 17666,
    "impressions": 18348,
    "profile_visits": 129,
    "follows": 24
  },
  {
    "media_id": "post_231",
    "caption": "Carousel lookbook #231 | New Drop | New arrival from our summer collection. Limited pieces only.",
    "timestamp": "2024-08-18T12:27:00",
    "media_type": "carousel",
    "reach": 11201,
    "impressions": 12038,
    "profile_visits": 116,
    "follows": 16
  },
  {
    "media_id": "post_232",
    "caption": "Photo drop #232 | Workwear | Workwear that feels like loungewear but looks like power dressing.",
    "timestamp": "2024-08-19T21:55:00",
    "media_type": "image",
    "reach": 3672,
    "impressions": 3996,
    "profile_visits": 29,
    "follows": 18
  },
  {
    "media_id": "post_233",
    "caption": "Photo drop #233 | Sale Promo | Flash sale is live for 24 hours. Add to cart before it sells out.",
    "timestamp": "2024-08-20T20:16:00",
    "media_type": "image",
    "reach": 52560,
    "impressions": 53392,
    "profile_visits": 48,
    "follows": 19
  },
  {
    "media_id": "post_234",
    "caption": "Carousel lookbook #234 | Festive Edit | Festive edit with rich fabrics and comfy silhouettes.",
    "timestamp": "2024-08-21T20:33:00",
    "media_type": "carousel",
    "reach": 28391,
    "impressions": 28819,
    "profile_visits": 120,
    "follows": 17
  },
  {
    "media_id": "post_235",
    "caption": "Carousel lookbook #235 | Weekend Outfit | Weekend-ready outfit for brunch, movies or a coffee run.",
    "timestamp": "2024-08-22T21:19:00",
    "media_type": "carousel",
    "reach": 17758,
    "impressions": 17955,
    "profile_visits": 53,
    "follows": 3
  },
  {
    "media_id": "post_236",
    "caption": "Reel #236 | Outfit Reel | Full outfit try-on from our latest launch.",
    "timestamp": "2024-08-23T10:03:00",
    "media_type": "reel",
    "reach": 89339,
    "impressions": 89661,
    "profile_visits": 64,
    "follows": 18
  },
  {
    "media_id": "post_237",
    "caption": "Carousel lookbook #237 | New Drop | New arrival from our summer collection. Limited pieces only.",
    "timestamp": "2024-08-24T15:46:00",
    "media_type": "carousel",
    "reach": 6023,
    "impressions": 6502,
    "profile_visits": 50,
    "follows": 6
  },
  {
    "media_id": "post_238",
    "caption": "Carousel lookbook #238 | Outfit Reel | Full outfit try-on from our latest launch.",
    "timestamp": "2024-08-25T20:50:00",
    "media_type": "carousel",
    "reach": 83104,
    "impressions": 83526,
    "profile_visits": 54,
    "follows": 15
  },
  {
    "media_id": "post_239",
    "caption": "Reel #239 | Customer Review | Styled by our customer community—real people, real fits.",
    "timestamp": "2024-08-26T15:58:00",
    "media_type": "reel",
    "reach": 53613,
    "impressions": 54243,
    "profile_visits": 76,
    "follows": 13
  },
  {
    "media_id": "post_240",
    "caption": "Reel #240 | Outfit Reel | Full outfit try-on from our latest launch.",
    "timestamp": "2024-08-27T13:51:00",
    "media_type": "reel",
    "reach": 31374,
    "impressions": 32183,
    "profile_visits": 91,
    "follows": 10
  },
  {
    "media_id": "post_241",
    "caption": "Carousel lookbook #241 | Casual Look | Everyday casual fit you can wear on repeat.",
    "timestamp": "2024-08-28T14:50:00",
    "media_type": "carousel",
    "reach": 35734,
    "impressions": 35872,
    "profile_visits": 42,
    "follows": 23
  },
  {
    "media_id": "post_242",
    "caption": "Reel #242 | Style Tip | How to style this piece three different ways.",
    "timestamp": "2024-08-29T15:33:00",
    "media_type": "reel",
    "reach": 119664,
    "impressions": 119841,
    "profile_visits": 103,
    "follows": 2
  },
  {
    "media_id": "post_243",
    "caption": "Reel #243 | Sale Promo | Flash sale is live for 24 hours. Add to cart before it sells out.",
    "timestamp": "2024-08-30T13:13:00",
    "media_type": "reel",
    "reach": 107457,
    "impressions": 107565,
    "profile_visits": 141,
    "follows": 7
  },
  {
    "media_id": "post_244",
    "caption": "Reel #244 | Style Tip | How to style this piece three different ways.",
    "timestamp": "2024-08-31T10:09:00",
    "media_type": "reel",
    "reach": 78336,
    "impressions": 78796,
    "profile_visits": 120,
    "follows": 9
  },
  {
    "media_id": "post_245",
    "caption": "Carousel lookbook #245 | Behind the Scenes | Behind the scenes from today’s studio shoot.",
    "timestamp": "2024-09-01T15:07:00",
    "media_type": "carousel",
    "reach": 56810,
    "impressions": 57065,
    "profile_visits": 146,
    "follows": 22
  },
  {
    "media_id": "post_246",
    "caption": "Reel #246 | Festive Edit | Festive edit with rich fabrics and comfy silhouettes.",
    "timestamp": "2024-09-02T10:02:00",
    "media_type": "reel",
    "reach": 66027,
    "impressions": 66739,
    "profile_visits": 96,
    "follows": 13
  },
  {
    "media_id": "post_247",
    "caption": "Photo drop #247 | Sale Promo | Flash sale is live for 24 hours. Add to cart before it sells out.",
    "timestamp": "2024-09-03T11:33:00",
    "media_type": "image",
    "reach": 3978,
    "impressions": 4405,
    "profile_visits": 117,
    "follows": 16
  },
  {
    "media_id": "post_248",
    "caption": "Reel #248 | Behind the Scenes | Behind the scenes from today’s studio shoot.",
    "timestamp": "2024-09-04T14:26:00",
    "media_type": "reel",
    "reach": 85946,
    "impressions": 86360,
    "profile_visits": 53,
    "follows": 25
  },
  {
    "media_id": "post_249",
    "caption": "Photo drop #249 | Weekend Outfit | Weekend-ready outfit for brunch, movies or a coffee run.",
    "timestamp": "2024-09-05T18:10:00",
    "media_type": "image",
    "reach": 29310,
    "impressions": 29443,
    "profile_visits": 117,
    "follows": 21
  },
  {
    "media_id": "post_250",
    "caption": "Photo drop #250 | Sale Promo | Flash sale is live for 24 hours. Add to cart before it sells out.",
    "timestamp": "2024-09-06T13:05:00",
    "media_type": "image",
    "reach": 90744,
    "impressions": 91307,
    "profile_visits": 120,
    "follows": 14
  },
  {
    "media_id": "post_251",
    "caption": "Carousel lookbook #251 | Casual Look | Everyday casual fit you can wear on repeat.",
    "timestamp": "2024-09-07T13:32:00",
    "media_type": "carousel",
    "reach": 17670,
    "impressions": 18501,
    "profile_visits": 27,
    "follows": 17
  },
  {
    "media_id": "post_252",
    "caption": "Photo drop #252 | Behind the Scenes | Behind the scenes from today’s studio shoot.",
    "timestamp": "2024-09-08T19:23:00",
    "media_type": "image",
    "reach": 9315,
    "impressions": 9510,
    "profile_visits": 41,
    "follows": 5
  },
  {
    "media_id": "post_253",
    "caption": "Reel #253 | Workwear | Workwear that feels like loungewear but looks like power dressing.",
    "timestamp": "2024-09-09T21:28:00",
    "media_type": "reel",
    "reach": 8052,
    "impressions": 8470,
    "profile_visits": 34,
    "follows": 1
  },
  {
    "media_id": "post_254",
    "caption": "Carousel lookbook #254 | Casual Look | Everyday casual fit you can wear on repeat.",
    "timestamp": "2024-09-10T19:46:00",
    "media_type": "carousel",
    "reach": 12992,
    "impressions": 13316,
    "profile_visits": 93,
    "follows": 13
  },
  {
    "media_id": "post_255",
    "caption": "Reel #255 | Style Tip | How to style this piece three different ways.",
    "timestamp": "2024-09-11T12:13:00",
    "media_type": "reel",
    "reach": 21070,
    "impressions": 21283,
    "profile_visits": 128,
    "follows": 21
  },
  {
    "media_id": "post_256",
    "caption": "Photo drop #256 | Casual Look | Everyday casual fit you can wear on repeat.",
    "timestamp": "2024-09-12T20:12:00",
    "media_type": "image",
    "reach": 16422,
    "impressions": 16913,
    "profile_visits": 74,
    "follows": 3
  },
  {
    "media_id": "post_257",
    "caption": "Reel #257 | New Drop | New arrival from our summer collection. Limited pieces only.",
    "timestamp": "2024-09-13T21:45:00",
    "media_type": "reel",
    "reach": 19569,
    "impressions": 20354,
    "profile_visits": 93,
    "follows": 18
  },
  {
    "media_id": "post_258",
    "caption": "Reel #258 | New Drop | New arrival from our summer collection. Limited pieces only.",
    "timestamp": "2024-09-14T13:34:00",
    "media_type": "reel",
    "reach": 39000,
    "impressions": 39794,
    "profile_visits": 68,
    "follows": 9
  },
  {
    "media_id": "post_259",
    "caption": "Reel #259 | Casual Look | Everyday casual fit you can wear on repeat.",
    "timestamp": "2024-09-15T15:02:00",
    "media_type": "reel",
    "reach": 26429,
    "impressions": 27226,
    "profile_visits": 100,
    "follows": 9
  },
  {
    "media_id": "post_260",
    "caption": "Carousel lookbook #260 | New Drop | New arrival from our summer collection. Limited pieces only.",
    "timestamp": "2024-09-16T22:24:00",
    "media_type": "carousel",
    "reach": 13167,
    "impressions": 13710,
    "profile_visits": 112,
    "follows": 6
  },
  {
    "media_id": "post_261",
    "caption": "Photo drop #261 | New Drop | New arrival from our summer collection. Limited pieces only.",
    "timestamp": "2024-09-17T18:01:00",
    "media_type": "image",
    "reach": 68800,
    "impressions": 69174,
    "profile_visits": 19,
    "follows": 16
  },
  {
    "media_id": "post_262",
    "caption": "Carousel lookbook #262 | Festive Edit | Festive edit with rich fabrics and comfy silhouettes.",
    "timestamp": "2024-09-18T16:52:00",
    "media_type": "carousel",
    "reach": 70392,
    "impressions": 71167,
    "profile_visits": 123,
    "follows": 10
  },
  {
    "media_id": "post_263",
    "caption": "Carousel lookbook #263 | Customer Review | Styled by our customer community—real people, real fits.",
    "timestamp": "2024-09-19T22:09:00",
    "media_type": "carousel",
    "reach": 50680,
    "impressions": 51122,
    "profile_visits": 115,
    "follows": 23
  },
  {
    "media_id": "post_264",
    "caption": "Photo drop #264 | New Drop | New arrival from our summer collection. Limited pieces only.",
    "timestamp": "2024-09-20T14:54:00",
    "media_type": "image",
    "reach": 16974,
    "impressions": 17820,
    "profile_visits": 18,
    "follows": 18
  },
  {
    "media_id": "post_265",
    "caption": "Reel #265 | New Drop | New arrival from our summer collection. Limited pieces only.",
    "timestamp": "2024-09-21T20:06:00",
    "media_type": "reel",
    "reach": 88298,
    "impressions": 88795,
    "profile_visits": 44,
    "follows": 23
  },
  {
    "media_id": "post_266",
    "caption": "Carousel lookbook #266 | New Drop | New arrival from our summer collection. Limited pieces only.",
    "timestamp": "2024-09-22T20:14:00",
    "media_type": "carousel",
    "reach": 8895,
    "impressions": 9232,
    "profile_visits": 117,
    "follows": 21
  },
  {
    "media_id": "post_267",
    "caption": "Reel #267 | Casual Look | Everyday casual fit you can wear on repeat.",
    "timestamp": "2024-09-23T13:21:00",
    "media_type": "reel",
    "reach": 41280,
    "impressions": 42097,
    "profile_visits": 111,
    "follows": 15
  },
  {
    "media_id": "post_268",
    "caption": "Carousel lookbook #268 | Weekend Outfit | Weekend-ready outfit for brunch, movies or a coffee run.",
    "timestamp": "2024-09-24T19:38:00",
    "media_type": "carousel",
    "reach": 49125,
    "impressions": 49622,
    "profile_visits": 83,
    "follows": 15
  },
  {
    "media_id": "post_269",
    "caption": "Carousel lookbook #269 | Behind the Scenes | Behind the scenes from today’s studio shoot.",
    "timestamp": "2024-09-25T21:06:00",
    "media_type": "carousel",
    "reach": 20740,
    "impressions": 21537,
    "profile_visits": 71,
    "follows": 21
  },
  {
    "media_id": "post_270",
    "caption": "Reel #270 | Customer Review | Styled by our customer community—real people, real fits.",
    "timestamp": "2024-09-26T10:55:00",
    "media_type": "reel",
    "reach": 41308,
    "impressions": 41674,
    "profile_visits": 77,
    "follows": 14
  },
  {
    "media_id": "post_271",
    "caption": "Photo drop #271 | Workwear | Workwear that feels like loungewear but looks like power dressing.",
    "timestamp": "2024-09-27T21:36:00",
    "media_type": "image",
    "reach": 21164,
    "impressions": 21302,
    "profile_visits": 119,
    "follows": 20
  },
  {
    "media_id": "post_272",
    "caption": "Carousel lookbook #272 | Weekend Outfit | Weekend-ready outfit for brunch, movies or a coffee run.",
    "timestamp": "2024-09-28T21:26:00",
    "media_type": "carousel",
    "reach": 54702,
    "impressions": 55415,
    "profile_visits": 83,
    "follows": 16
  },
  {
    "media_id": "post_273",
    "caption": "Carousel lookbook #273 | Workwear | Workwear that feels like loungewear but looks like power dressing.",
    "timestamp": "2024-09-29T09:23:00",
    "media_type": "carousel",
    "reach": 36036,
    "impressions": 36462,
    "profile_visits": 18,
    "follows": 16
  },
  {
    "media_id": "post_274",
    "caption": "Reel #274 | Behind the Scenes | Behind the scenes from today’s studio shoot.",
    "timestamp": "2024-09-30T13:29:00",
    "media_type": "reel",
    "reach": 34034,
    "impressions": 34171,
    "profile_visits": 32,
    "follows": 7
  },
  {
    "media_id": "post_275",
    "caption": "Photo drop #275 | Customer Review | Styled by our customer community—real people, real fits.",
    "timestamp": "2024-10-01T21:17:00",
    "media_type": "image",
    "reach": 43128,
    "impressions": 43785,
    "profile_visits": 93,
    "follows": 17
  },
  {
    "media_id": "post_276",
    "caption": "Carousel lookbook #276 | Outfit Reel | Full outfit try-on from our latest launch.",
    "timestamp": "2024-10-02T14:57:00",
    "media_type": "carousel",
    "reach": 13735,
    "impressions": 14143,
    "profile_visits": 142,
    "follows": 4
  },
  {
    "media_id": "post_277",
    "caption": "Carousel lookbook #277 | Behind the Scenes | Behind the scenes from today’s studio shoot.",
    "timestamp": "2024-10-03T11:51:00",
    "media_type": "carousel",
    "reach": 12103,
    "impressions": 12571,
    "profile_visits": 102,
    "follows": 6
  },
  {
    "media_id": "post_278",
    "caption": "Reel #278 | Festive Edit | Festive edit with rich fabrics and comfy silhouettes.",
    "timestamp": "2024-10-04T11:02:00",
    "media_type": "reel",
    "reach": 39620,
    "impressions": 40518,
    "profile_visits": 109,
    "follows": 10
  },
  {
    "media_id": "post_279",
    "caption": "Photo drop #279 | Casual Look | Everyday casual fit you can wear on repeat.",
    "timestamp": "2024-10-05T11:13:00",
    "media_type": "image",
    "reach": 14326,
    "impressions": 14818,
    "profile_visits": 57,
    "follows": 23
  },
  {
    "media_id": "post_280",
    "caption": "Photo drop #280 | Weekend Outfit | Weekend-ready outfit for brunch, movies or a coffee run.",
    "timestamp": "2024-10-06T20:28:00",
    "media_type": "image",
    "reach": 33426,
    "impressions": 34240,
    "profile_visits": 26,
    "follows": 18
  },
  {
    "media_id": "post_281",
    "caption": "Reel #281 | Behind the Scenes | Behind the scenes from today’s studio shoot.",
    "timestamp": "2024-10-07T16:12:00",
    "media_type": "reel",
    "reach": 31617,
    "impressions": 32201,
    "profile_visits": 56,
    "follows": 15
  },
  {
    "media_id": "post_282",
    "caption": "Carousel lookbook #282 | Workwear | Workwear that feels like loungewear but looks like power dressing.",
    "timestamp": "2024-10-08T12:38:00",
    "media_type": "carousel",
    "reach": 54880,
    "impressions": 55370,
    "profile_visits": 59,
    "follows": 18
  },
  {
    "media_id": "post_283",
    "caption": "Photo drop #283 | Workwear | Workwear that feels like loungewear but looks like power dressing.",
    "timestamp": "2024-10-09T13:26:00",
    "media_type": "image",
    "reach": 43494,
    "impressions": 43936,
    "profile_visits": 94,
    "follows": 2
  },
  {
    "media_id": "post_284",
    "caption": "Carousel lookbook #284 | Sale Promo | Flash sale is live for 24 hours. Add to cart before it sells out.",
    "timestamp": "2024-10-10T13:26:00",
    "media_type": "carousel",
    "reach": 119664,
    "impressions": 120488,
    "profile_visits": 149,
    "follows": 8
  },
  {
    "media_id": "post_285",
    "caption": "Photo drop #285 | Style Tip | How to style this piece three different ways.",
    "timestamp": "2024-10-11T11:44:00",
    "media_type": "image",
    "reach": 68470,
    "impressions": 68741,
    "profile_visits": 124,
    "follows": 6
  },
  {
    "media_id": "post_286",
    "caption": "Photo drop #286 | Customer Review | Styled by our customer community—real people, real fits.",
    "timestamp": "2024-10-12T18:52:00",
    "media_type": "image",
    "reach": 26928,
    "impressions": 27128,
    "profile_visits": 122,
    "follows": 10
  },
  {
    "media_id": "post_287",
    "caption": "Reel #287 | Behind the Scenes | Behind the scenes from today’s studio shoot.",
    "timestamp": "2024-10-13T18:29:00",
    "media_type": "reel",
    "reach": 94950,
    "impressions": 95412,
    "profile_visits": 25,
    "follows": 18
  },
  {
    "media_id": "post_288",
    "caption": "Carousel lookbook #288 | Style Tip | How to style this piece three different ways.",
    "timestamp": "2024-10-14T20:58:00",
    "media_type": "carousel",
    "reach": 22256,
    "impressions": 22959,
    "profile_visits": 73,
    "follows": 10
  },
  {
    "media_id": "post_289",
    "caption": "Carousel lookbook #289 | Customer Review | Styled by our customer community—real people, real fits.",
    "timestamp": "2024-10-15T18:39:00",
    "media_type": "carousel",
    "reach": 42381,
    "impressions": 43058,
    "profile_visits": 84,
    "follows": 23
  },
  {
    "media_id": "post_290",
    "caption": "Reel #290 | New Drop | New arrival from our summer collection. Limited pieces only.",
    "timestamp": "2024-10-16T22:31:00",
    "media_type": "reel",
    "reach": 72336,
    "impressions": 72650,
    "profile_visits": 34,
    "follows": 18
  },
  {
    "media_id": "post_291",
    "caption": "Reel #291 | Customer Review | Styled by our customer community—real people, real fits.",
    "timestamp": "2024-10-17T09:29:00",
    "media_type": "reel",
    "reach": 6935,
    "impressions": 7229,
    "profile_visits": 23,
    "follows": 11
  },
  {
    "media_id": "post_292",
    "caption": "Reel #292 | Casual Look | Everyday casual fit you can wear on repeat.",
    "timestamp": "2024-10-18T14:23:00",
    "media_type": "reel",
    "reach": 38998,
    "impressions": 39884,
    "profile_visits": 133,
    "follows": 22
  },
  {
    "media_id": "post_293",
    "caption": "Photo drop #293 | Outfit Reel | Full outfit try-on from our latest launch.",
    "timestamp": "2024-10-19T19:05:00",
    "media_type": "image",
    "reach": 85878,
    "impressions": 86731,
    "profile_visits": 102,
    "follows": 9
  },
  {
    "media_id": "post_294",
    "caption": "Photo drop #294 | Behind the Scenes | Behind the scenes from today’s studio shoot.",
    "timestamp": "2024-10-20T12:52:00",
    "media_type": "image",
    "reach": 43212,
    "impressions": 43802,
    "profile_visits": 150,
    "follows": 16
  },
  {
    "media_id": "post_295",
    "caption": "Carousel lookbook #295 | Weekend Outfit | Weekend-ready outfit for brunch, movies or a coffee run.",
    "timestamp": "2024-10-21T16:00:00",
    "media_type": "carousel",
    "reach": 28155,
    "impressions": 28762,
    "profile_visits": 78,
    "follows": 1
  },
  {
    "media_id": "post_296",
    "caption": "Photo drop #296 | Festive Edit | Festive edit with rich fabrics and comfy silhouettes.",
    "timestamp": "2024-10-22T13:07:00",
    "media_type": "image",
    "reach": 5420,
    "impressions": 5728,
    "profile_visits": 150,
    "follows": 2
  },
  {
    "media_id": "post_297",
    "caption": "Carousel lookbook #297 | Behind the Scenes | Behind the scenes from today’s studio shoot.",
    "timestamp": "2024-10-23T16:42:00",
    "media_type": "carousel",
    "reach": 42240,
    "impressions": 42882,
    "profile_visits": 76,
    "follows": 12
  },
  {
    "media_id": "post_298",
    "caption": "Carousel lookbook #298 | Weekend Outfit | Weekend-ready outfit for brunch, movies or a coffee run.",
    "timestamp": "2024-10-24T22:42:00",
    "media_type": "carousel",
    "reach": 37005,
    "impressions": 37880,
    "profile_visits": 127,
    "follows": 7
  },
  {
    "media_id": "post_299",
    "caption": "Photo drop #299 | Weekend Outfit | Weekend-ready outfit for brunch, movies or a coffee run.",
    "timestamp": "2024-10-25T11:35:00",
    "media_type": "image",
    "reach": 6330,
    "impressions": 7014,
    "profile_visits": 15,
    "follows": 5
  },
  {
    "media_id": "post_300",
    "caption": "Carousel lookbook #300 | Workwear | Workwear that feels like loungewear but looks like power dressing.",
    "timestamp": "2024-10-26T13:01:00",
    "media_type": "carousel",
    "reach": 32872,
    "impressions": 33544,
    "profile_visits": 102,
    "follows": 21
  },
  {
    "media_id": "post_301",
    "caption": "Reel #301 | New Drop | New arrival from our summer collection. Limited pieces only.",
    "timestamp": "2024-10-27T10:06:00",
    "media_type": "reel",
    "reach": 68352,
    "impressions": 69144,
    "profile_visits": 65,
    "follows": 4
  },
  {
    "media_id": "post_302",
    "caption": "Carousel lookbook #302 | Behind the Scenes | Behind the scenes from today’s studio shoot.",
    "timestamp": "2024-10-28T14:59:00",
    "media_type": "carousel",
    "reach": 126450,
    "impressions": 126787,
    "profile_visits": 89,
    "follows": 4
  },
  {
    "media_id": "post_303",
    "caption": "Carousel lookbook #303 | Sale Promo | Flash sale is live for 24 hours. Add to cart before it sells out.",
    "timestamp": "2024-10-29T10:14:00",
    "media_type": "carousel",
    "reach": 97818,
    "impressions": 98503,
    "profile_visits": 144,
    "follows": 7
  },
  {
    "media_id": "post_304",
    "caption": "Photo drop #304 | Workwear | Workwear that feels like loungewear but looks like power dressing.",
    "timestamp": "2024-10-30T17:00:00",
    "media_type": "image",
    "reach": 89271,
    "impressions": 89616,
    "profile_visits": 41,
    "follows": 23
  },
  {
    "media_id": "post_305",
    "caption": "Carousel lookbook #305 | Casual Look | Everyday casual fit you can wear on repeat.",
    "timestamp": "2024-10-31T16:28:00",
    "media_type": "carousel",
    "reach": 32487,
    "impressions": 32949,
    "profile_visits": 90,
    "follows": 24
  },
  {
    "media_id": "post_306",
    "caption": "Photo drop #306 | Weekend Outfit | Weekend-ready outfit for brunch, movies or a coffee run.",
    "timestamp": "2024-11-01T14:16:00",
    "media_type": "image",
    "reach": 111182,
    "impressions": 111789,
    "profile_visits": 18,
    "follows": 3
  },
  {
    "media_id": "post_307",
    "caption": "Reel #307 | Workwear | Workwear that feels like loungewear but looks like power dressing.",
    "timestamp": "2024-11-02T14:17:00",
    "media_type": "reel",
    "reach": 52304,
    "impressions": 52592,
    "profile_visits": 128,
    "follows": 4
  },
  {
    "media_id": "post_308",
    "caption": "Photo drop #308 | Outfit Reel | Full outfit try-on from our latest launch.",
    "timestamp": "2024-11-03T11:18:00",
    "media_type": "image",
    "reach": 31080,
    "impressions": 31611,
    "profile_visits": 80,
    "follows": 7
  },
  {
    "media_id": "post_309",
    "caption": "Reel #309 | Casual Look | Everyday casual fit you can wear on repeat.",
    "timestamp": "2024-11-04T13:16:00",
    "media_type": "reel",
    "reach": 33067,
    "impressions": 33949,
    "profile_visits": 144,
    "follows": 11
  },
  {
    "media_id": "post_310",
    "caption": "Reel #310 | Festive Edit | Festive edit with rich fabrics and comfy silhouettes.",
    "timestamp": "2024-11-05T21:54:00",
    "media_type": "reel",
    "reach": 31504,
    "impressions": 32366,
    "profile_visits": 92,
    "follows": 21
  },
  {
    "media_id": "post_311",
    "caption": "Carousel lookbook #311 | New Drop | New arrival from our summer collection. Limited pieces only.",
    "timestamp": "2024-11-06T17:23:00",
    "media_type": "carousel",
    "reach": 33680,
    "impressions": 34573,
    "profile_visits": 24,
    "follows": 10
  },
  {
    "media_id": "post_312",
    "caption": "Reel #312 | Outfit Reel | Full outfit try-on from our latest launch.",
    "timestamp": "2024-11-07T20:11:00",
    "media_type": "reel",
    "reach": 12924,
    "impressions": 13807,
    "profile_visits": 81,
    "follows": 5
  },
  {
    "media_id": "post_313",
    "caption": "Photo drop #313 | Style Tip | How to style this piece three different ways.",
    "timestamp": "2024-11-08T16:56:00",
    "media_type": "image",
    "reach": 70884,
    "impressions": 71527,
    "profile_visits": 96,
    "follows": 3
  },
  {
    "media_id": "post_314",
    "caption": "Photo drop #314 | Customer Review | Styled by our customer community—real people, real fits.",
    "timestamp": "2024-11-09T09:58:00",
    "media_type": "image",
    "reach": 37152,
    "impressions": 37873,
    "profile_visits": 22,
    "follows": 4
  },
  {
    "media_id": "post_315",
    "caption": "Photo drop #315 | Workwear | Workwear that feels like loungewear but looks like power dressing.",
    "timestamp": "2024-11-10T20:24:00",
    "media_type": "image",
    "reach": 68667,
    "impressions": 69363,
    "profile_visits": 140,
    "follows": 20
  },
  {
    "media_id": "post_316",
    "caption": "Reel #316 | Workwear | Workwear that feels like loungewear but looks like power dressing.",
    "timestamp": "2024-11-11T13:33:00",
    "media_type": "reel",
    "reach": 90400,
    "impressions": 90825,
    "profile_visits": 61,
    "follows": 17
  },
  {
    "media_id": "post_317",
    "caption": "Photo drop #317 | Casual Look | Everyday casual fit you can wear on repeat.",
    "timestamp": "2024-11-12T11:57:00",
    "media_type": "image",
    "reach": 74240,
    "impressions": 74703,
    "profile_visits": 119,
    "follows": 23
  },
  {
    "media_id": "post_318",
    "caption": "Reel #318 | Casual Look | Everyday casual fit you can wear on repeat.",
    "timestamp": "2024-11-13T10:58:00",
    "media_type": "reel",
    "reach": 70564,
    "impressions": 70845,
    "profile_visits": 114,
    "follows": 4
  },
  {
    "media_id": "post_319",
    "caption": "Reel #319 | Style Tip | How to style this piece three different ways.",
    "timestamp": "2024-11-14T18:54:00",
    "media_type": "reel",
    "reach": 42579,
    "impressions": 43465,
    "profile_visits": 117,
    "follows": 14
  },
  {
    "media_id": "post_320",
    "caption": "Photo drop #320 | Casual Look | Everyday casual fit you can wear on repeat.",
    "timestamp": "2024-11-15T21:24:00",
    "media_type": "image",
    "reach": 46557,
    "impressions": 47443,
    "profile_visits": 114,
    "follows": 15
  }
]