[
  {
    "media_id": "post_1",
    "media_type": "image",
    "caption_preview": "Photo drop #1 | Festive Edit | Festive edit with rich fabrics and comfy silhouet..."
  },
  {
    "media_id": "post_2",
    "media_type": "image",
    "caption_preview": "Photo drop #2 | Outfit Reel | Full outfit try-on from our latest launch."
  },
  {
    "media_id": "post_3",
    "media_type": "carousel",
    "caption_preview": "Carousel lookbook #3 | Festive Edit | Festive edit with rich fabrics and comfy s..."
  },
  {
    "media_id": "post_4",
    "media_type": "image",
    "caption_preview": "Photo drop #4 | New Drop | New arrival from our summer collection. Limited piece..."
  },
  {
    "media_id": "post_5",
    "media_type": "reel",
    "caption_preview": "Reel #5 | Sale Promo | Flash sale is live for 24 hours. Add to cart before it se..."
  },
  {
    "media_id": "post_6",
    "media_type": "carousel",
    "caption_preview": "Carousel lookbook #6 | Weekend Outfit | Weekend-ready outfit for brunch, movies ..."
  },
  {
    "media_id": "post_7",
    "media_type": "reel",
    "caption_preview": "Reel #7 | Behind the Scenes | Behind the scenes from today’s studio shoot."
  },
  {
    "media_id": "post_8",
    "media_type": "reel",
    "caption_preview": "Reel #8 | New Drop | New arrival from our summer collection. Limited pieces only..."
  },
  {
    "media_id": "post_9",
    "media_type": "image",
    "caption_preview": "Photo drop #9 | Behind the Scenes | Behind the scenes from today’s studio shoot."
  },
  {
    "media_id": "post_10",
    "media_type": "image",
    "caption_preview": "Photo drop #10 | New Drop | New arrival from our summer collection. Limited piec..."
  },
  {
    "media_id": "post_11",
    "media_type": "image",
    "caption_preview": "Photo drop #11 | Style Tip | How to style this piece three different ways."
  },
  {
    "media_id": "post_12",
    "media_type": "reel",
    "caption_preview": "Reel #12 | Style Tip | How to style this piece three different ways."
  },
  {
    "media_id": "post_13",
    "media_type": "reel",
    "caption_preview": "Reel #13 | Customer Review | Styled by our customer community—real people, real ..."
  },
  {
    "media_id": "post_14",
    "media_type": "carousel",
    "caption_preview": "Carousel lookbook #14 | New Drop | New arrival from our summer collection. Limit..."
  },
  {
    "media_id": "post_15",
    "media_type": "reel",
    "caption_preview": "Reel #15 | Casual Look | Everyday casual fit you can wear on repeat."
  },
  {
    "media_id": "post_16",
    "media_type": "reel",
    "caption_preview": "Reel #16 | Workwear | Workwear that feels like loungewear but looks like power d..."
  },
  {
    "media_id": "post_17",
    "media_type": "reel",
    "caption_preview": "Reel #17 | Casual Look | Everyday casual fit you can wear on repeat."
  },
  {
    "media_id": "post_18",
    "media_type": "image",
    "caption_preview": "Photo drop #18 | Customer Review | Styled by our customer community—real people,..."
  },
  {
    "media_id": "post_19",
    "media_type": "image",
    "caption_preview": "Photo drop #19 | Sale Promo | Flash sale is live for 24 hours. Add to cart befor..."
  },
  {
    "media_id": "post_20",
    "media_type": "image",
    "caption_preview": "Photo drop #20 | Casual Look | Everyday casual fit you can wear on repeat."
  },
  {
    "media_id": "post_21",
    "media_type": "carousel",
    "caption_preview": "Carousel lookbook #21 | Workwear | Workwear that feels like loungewear but looks..."
  },
  {
    "media_id": "post_22",
    "media_type": "image",
    "caption_preview": "Photo drop #22 | New Drop | New arrival from our summer collection. Limited piec..."
  },
  {
    "media_id": "post_23",
    "media_type": "reel",
    "caption_preview": "Reel #23 | Sale Promo | Flash sale is live for 24 hours. Add to cart before it s..."
  },
  {
    "media_id": "post_24",
    "media_type": "reel",
    "caption_preview": "Reel #24 | Customer Review | Styled by our customer community—real people, real ..."
  },
  {
    "media_id": "post_25",
    "media_type": "reel",
    "caption_preview": "Reel #25 | Behind the Scenes | Behind the scenes from today’s studio shoot."
  },
  {
    "media_id": "post_26",
    "media_type": "reel",
    "caption_preview": "Reel #26 | Sale Promo | Flash sale is live for 24 hours. Add to cart before it s..."
  },
  {
    "media_id": "post_27",
    "media_type": "reel",
    "caption_preview": "Reel #27 | Outfit Reel | Full outfit try-on from our latest launch."
  },
  {
    "media_id": "post_28",
    "media_type": "image",
    "caption_preview": "Photo drop #28 | Workwear | Workwear that feels like loungewear but looks like p..."
  },
  {
    "media_id": "post_29",
    "media_type": "reel",
    "caption_preview": "Reel #29 | Customer Review | Styled by our customer community—real people, real ..."
  },
  {
    "media_id": "post_30",
    "media_type": "carousel",
    "caption_preview": "Carousel lookbook #30 | Casual Look | Everyday casual fit you can wear on repeat..."
  },
  {
    "media_id": "post_31",
    "media_type": "carousel",
    "caption_preview": "Carousel lookbook #31 | Casual Look | Everyday casual fit you can wear on repeat..."
  },
  {
    "media_id": "post_32",
    "media_type": "carousel",
    "caption_preview": "Carousel lookbook #32 | Festive Edit | Festive edit with rich fabrics and comfy ..."
  },
  {
    "media_id": "post_33",
    "media_type": "image",
    "caption_preview": "Photo drop #33 | Sale Promo | Flash sale is live for 24 hours. Add to cart befor..."
  },
  {
    "media_id": "post_34",
    "media_type": "reel",
    "caption_preview": "Reel #34 | Behind the Scenes | Behind the scenes from today’s studio shoot."
  },
  {
    "media_id": "post_35",
    "media_type": "reel",
    "caption_preview": "Reel #35 | Outfit Reel | Full outfit try-on from our latest launch."
  },
  {
    "media_id": "post_36",
    "media_type": "image",
    "caption_preview": "Photo drop #36 | Workwear | Workwear that feels like loungewear but looks like p..."
  },
  {
    "media_id": "post_37",
    "media_type": "carousel",
    "caption_preview": "Carousel lookbook #37 | Weekend Outfit | Weekend-ready outfit for brunch, movies..."
  },
  {
    "media_id": "post_38",
    "media_type": "carousel",
    "caption_preview": "Carousel lookbook #38 | Style Tip | How to style this piece three different ways..."
  },
  {
    "media_id": "post_39",
    "media_type": "reel",
    "caption_preview": "Reel #39 | Outfit Reel | Full outfit try-on from our latest launch."
  },
  {
    "media_id": "post_40",
    "media_type": "image",
    "caption_preview": "Photo drop #40 | Festive Edit | Festive edit with rich fabrics and comfy silhoue..."
  },
  {
    "media_id": "post_41",
    "media_type": "reel",
    "caption_preview": "Reel #41 | Sale Promo | Flash sale is live for 24 hours. Add to cart before it s..."
  },
  {
    "media_id": "post_42",
    "media_type": "reel",
    "caption_preview": "Reel #42 | Festive Edit | Festive edit with rich fabrics and comfy silhouettes."
  },
  {
    "media_id": "post_43",
    "media_type": "image",
    "caption_preview": "Photo drop #43 | Casual Look | Everyday casual fit you can wear on repeat."
  },
  {
    "media_id": "post_44",
    "media_type": "reel",
    "caption_preview": "Reel #44 | New Drop | New arrival from our summer collection. Limited pieces onl..."
  },
  {
    "media_id": "post_45",
    "media_type": "reel",
    "caption_preview": "Reel #45 | Style Tip | How to style this piece three different ways."
  },
  {
    "media_id": "post_46",
    "media_type": "image",
    "caption_preview": "Photo drop #46 | Sale Promo | Flash sale is live for 24 hours. Add to cart befor..."
  },
  {
    "media_id": "post_47",
    "media_type": "carousel",
    "caption_preview": "Carousel lookbook #47 | New Drop | New arrival from our summer collection. Limit..."
  },
  {
    "media_id": "post_48",
    "media_type": "image",
    "caption_preview": "Photo drop #48 | Customer Review | Styled by our customer community—real people,..."
  },
  {
    "media_id": "post_49",
    "media_type": "carousel",
    "caption_preview": "Carousel lookbook #49 | Style Tip | How to style this piece three different ways..."
  },
  {
    "media_id": "post_50",
    "media_type": "image",
    "caption_preview": "Photo drop #50 | Weekend Outfit | Weekend-ready outfit for brunch, movies or a c..."
  },
  {
    "media_id": "post_51",
    "media_type": "image",
    "caption_preview": "Photo drop #51 | New Drop | New arrival from our summer collection. Limited piec..."
  },
  {
    "media_id": "post_52",
    "media_type": "reel",
    "caption_preview": "Reel #52 | Behind the Scenes | Behind the scenes from today’s studio shoot."
  },
  {
    "media_id": "post_53",
    "media_type": "carousel",
    "caption_preview": "Carousel lookbook #53 | Sale Promo | Flash sale is live for 24 hours. Add to car..."
  },
  {
    "media_id": "post_54",
    "media_type": "image",
    "caption_preview": "Photo drop #54 | Festive Edit | Festive edit with rich fabrics and comfy silhoue..."
  },
  {
    "media_id": "post_55",
    "media_type": "image",
    "caption_preview": "Photo drop #55 | Style Tip | How to style this piece three different ways."
  },
  {
    "media_id": "post_56",
    "media_type": "image",
    "caption_preview": "Photo drop #56 | Style Tip | How to style this piece three different ways."
  },
  {
    "media_id": "post_57",
    "media_type": "carousel",
    "caption_preview": "Carousel lookbook #57 | Style Tip | How to style this piece three different ways..."
  },
  {
    "media_id": "post_58",
    "media_type": "reel",
    "caption_preview": "Reel #58 | Style Tip | How to style this piece three different ways."
  },
  {
    "media_id": "post_59",
    "media_type": "carousel",
    "caption_preview": "Carousel lookbook #59 | Behind the Scenes | Behind the scenes from today’s studi..."
  },
  {
    "media_id": "post_60",
    "media_type": "carousel",
    "caption_preview": "Carousel lookbook #60 | Outfit Reel | Full outfit try-on from our latest launch."
  },
  {
    "media_id": "post_61",
    "media_type": "reel",
    "caption_preview": "Reel #61 | Customer Review | Styled by our customer community—real people, real ..."
  },
  {
    "media_id": "post_62",
    "media_type": "reel",
    "caption_preview": "Reel #62 | Customer Review | Styled by our customer community—real people, real ..."
  },
  {
    "media_id": "post_63",
    "media_type": "carousel",
    "caption_preview": "Carousel lookbook #63 | Style Tip | How to style this piece three different ways..."
  },
  {
    "media_id": "post_64",
    "media_type": "reel",
    "caption_preview": "Reel #64 | Behind the Scenes | Behind the scenes from today’s studio shoot."
  },
  {
    "media_id": "post_65",
    "media_type": "reel",
    "caption_preview": "Reel #65 | New Drop | New arrival from our summer collection. Limited pieces onl..."
  },
  {
    "media_id": "post_66",
    "media_type": "reel",
    "caption_preview": "Reel #66 | Casual Look | Everyday casual fit you can wear on repeat."
  },
  {
    "media_id": "post_67",
    "media_type": "carousel",
    "caption_preview": "Carousel lookbook #67 | Workwear | Workwear that feels like loungewear but looks..."
  },
  {
    "media_id": "post_68",
    "media_type": "image",
    "caption_preview": "Photo drop #68 | Style Tip | How to style this piece three different ways."
  },
  {
    "media_id": "post_69",
    "media_type": "carousel",
    "caption_preview": "Carousel lookbook #69 | Customer Review | Styled by our customer community—real ..."
  },
  {
    "media_id": "post_70",
    "media_type": "reel",
    "caption_preview": "Reel #70 | New Drop | New arrival from our summer collection. Limited pieces onl..."
  },
  {
    "media_id": "post_71",
    "media_type": "image",
    "caption_preview": "Photo drop #71 | Style Tip | How to style this piece three different ways."
  },
  {
    "media_id": "post_72",
    "media_type": "reel",
    "caption_preview": "Reel #72 | Style Tip | How to style this piece three different ways."
  },
  {
    "media_id": "post_73",
    "media_type": "reel",
    "caption_preview": "Reel #73 | Casual Look | Everyday casual fit you can wear on repeat."
  },
  {
    "media_id": "post_74",
    "media_type": "image",
    "caption_preview": "Photo drop #74 | Festive Edit | Festive edit with rich fabrics and comfy silhoue..."
  },
  {
    "media_id": "post_75",
    "media_type": "reel",
    "caption_preview": "Reel #75 | Festive Edit | Festive edit with rich fabrics and comfy silhouettes."
  },
  {
    "media_id": "post_76",
    "media_type": "carousel",
    "caption_preview": "Carousel lookbook #76 | Customer Review | Styled by our customer community—real ..."
  },
  {
    "media_id": "post_77",
    "media_type": "image",
    "caption_preview": "Photo drop #77 | Casual Look | Everyday casual fit you can wear on repeat."
  },
  {
    "media_id": "post_78",
    "media_type": "reel",
    "caption_preview": "Reel #78 | Outfit Reel | Full outfit try-on from our latest launch."
  },
  {
    "media_id": "post_79",
    "media_type": "reel",
    "caption_preview": "Reel #79 | Style Tip | How to style this piece three different ways."
  },
  {
    "media_id": "post_80",
    "media_type": "image",
    "caption_preview": "Photo drop #80 | Outfit Reel | Full outfit try-on from our latest launch."
  },
  {
    "media_id": "post_81",
    "media_type": "carousel",
    "caption_preview": "Carousel lookbook #81 | Sale Promo | Flash sale is live for 24 hours. Add to car..."
  },
  {
    "media_id": "post_82",
    "media_type": "image",
    "caption_preview": "Photo drop #82 | Outfit Reel | Full outfit try-on from our latest launch."
  },
  {
    "media_id": "post_83",
    "media_type": "image",
    "caption_preview": "Photo drop #83 | Weekend Outfit | Weekend-ready outfit for brunch, movies or a c..."
  },
  {
    "media_id": "post_84",
    "media_type": "reel",
    "caption_preview": "Reel #84 | New Drop | New arrival from our summer collection. Limited pieces onl..."
  },
  {
    "media_id": "post_85",
    "media_type": "image",
    "caption_preview": "Photo drop #85 | Customer Review | Styled by our customer community—real people,..."
  },
  {
    "media_id": "post_86",
    "media_type": "carousel",
    "caption_preview": "Carousel lookbook #86 | Sale Promo | Flash sale is live for 24 hours. Add to car..."
  },
  {
    "media_id": "post_87",
    "media_type": "reel",
    "caption_preview": "Reel #87 | Festive Edit | Festive edit with rich fabrics and comfy silhouettes."
  },
  {
    "media_id": "post_88",
    "media_type": "carousel",
    "caption_preview": "Carousel lookbook #88 | Workwear | Workwear that feels like loungewear but looks..."
  },
  {
    "media_id": "post_89",
    "media_type": "image",
    "caption_preview": "Photo drop #89 | Behind the Scenes | Behind the scenes from today’s studio shoot..."
  },
  {
    "media_id": "post_90",
    "media_type": "image",
    "caption_preview": "Photo drop #90 | Weekend Outfit | Weekend-ready outfit for brunch, movies or a c..."
  },
  {
    "media_id": "post_91",
    "media_type": "image",
    "caption_preview": "Photo drop #91 | Sale Promo | Flash sale is live for 24 hours. Add to cart befor..."
  },
  {
    "media_id": "post_92",
    "media_type": "carousel",
    "caption_preview": "Carousel lookbook #92 | Style Tip | How to style this piece three different ways..."
  },
  {
    "media_id": "post_93",
    "media_type": "reel",
    "caption_preview": "Reel #93 | Workwear | Workwear that feels like loungewear but looks like power d..."
  },
  {
    "media_id": "post_94",
    "media_type": "carousel",
    "caption_preview": "Carousel lookbook #94 | Behind the Scenes | Behind the scenes from today’s studi..."
  },
  {
    "media_id": "post_95",
    "media_type": "image",
    "caption_preview": "Photo drop #95 | Outfit Reel | Full outfit try-on from our latest launch."
  },
  {
    "media_id": "post_96",
    "media_type": "reel",
    "caption_preview": "Reel #96 | Festive Edit | Festive edit with rich fabrics and comfy silhouettes."
  },
  {
    "media_id": "post_97",
    "media_type": "carousel",
    "caption_preview": "Carousel lookbook #97 | Sale Promo | Flash sale is live for 24 hours. Add to car..."
  },
  {
    "media_id": "post_98",
    "media_type": "carousel",
    "caption_preview": "Carousel lookbook #98 | New Drop | New arrival from our summer collection. Limit..."
  },
  {
    "media_id": "post_99",
    "media_type": "reel",
    "caption_preview": "Reel #99 | Outfit Reel | Full outfit try-on from our latest launch."
  },
  {
    "media_id": "post_100",
    "media_type": "reel",
    "caption_preview": "Reel #100 | Casual Look | Everyday casual fit you can wear on repeat."
  },
  {
    "media_id": "post_101",
    "media_type": "carousel",
    "caption_preview": "Carousel lookbook #101 | Workwear | Workwear that feels like loungewear but look..."
  },
  {
    "media_id": "post_102",
    "media_type": "carousel",
    "caption_preview": "Carousel lookbook #102 | New Drop | New arrival from our summer collection. Limi..."
  },
  {
    "media_id": "post_103",
    "media_type": "carousel",
    "caption_preview": "Carousel lookbook #103 | Weekend Outfit | Weekend-ready outfit for brunch, movie..."
  },
  {
    "media_id": "post_104",
    "media_type": "reel",
    "caption_preview": "Reel #104 | Casual Look | Everyday casual fit you can wear on repeat."
  },
  {
    "media_id": "post_105",
    "media_type": "image",
    "caption_preview": "Photo drop #105 | New Drop | New arrival from our summer collection. Limited pie..."
  },
  {
    "media_id": "post_106",
    "media_type": "reel",
    "caption_preview": "Reel #106 | Outfit Reel | Full outfit try-on from our latest launch."
  },
  {
    "media_id": "post_107",
    "media_type": "image",
    "caption_preview": "Photo drop #107 | New Drop | New arrival from our summer collection. Limited pie..."
  },
  {
    "media_id": "post_108",
    "media_type": "carousel",
    "caption_preview": "Carousel lookbook #108 | Sale Promo | Flash sale is live for 24 hours. Add to ca..."
  },
  {
    "media_id": "post_109",
    "media_type": "reel",
    "caption_preview": "Reel #109 | Weekend Outfit | Weekend-ready outfit for brunch, movies or a coffee..."
  },
  {
    "media_id": "post_110",
    "media_type": "image",
    "caption_preview": "Photo drop #110 | Outfit Reel | Full outfit try-on from our latest launch."
  },
  {
    "media_id": "post_111",
    "media_type": "reel",
    "caption_preview": "Reel #111 | New Drop | New arrival from our summer collection. Limited pieces on..."
  },
  {
    "media_id": "post_112",
    "media_type": "carousel",
    "caption_preview": "Carousel lookbook #112 | Casual Look | Everyday casual fit you can wear on repea..."
  },
  {
    "media_id": "post_113",
    "media_type": "image",
    "caption_preview": "Photo drop #113 | Workwear | Workwear that feels like loungewear but looks like ..."
  },
  {
    "media_id": "post_114",
    "media_type": "reel",
    "caption_preview": "Reel #114 | Outfit Reel | Full outfit try-on from our latest launch."
  },
  {
    "media_id": "post_115",
    "media_type": "carousel",
    "caption_preview": "Carousel lookbook #115 | Customer Review | Styled by our customer community—real..."
  },
  {
    "media_id": "post_116",
    "media_type": "image",
    "caption_preview": "Photo drop #116 | Outfit Reel | Full outfit try-on from our latest launch."
  },
  {
    "media_id": "post_117",
    "media_type": "carousel",
    "caption_preview": "Carousel lookbook #117 | Sale Promo | Flash sale is live for 24 hours. Add to ca..."
  },
  {
    "media_id": "post_118",
    "media_type": "image",
    "caption_preview": "Photo drop #118 | Style Tip | How to style this piece three different ways."
  },
  {
    "media_id": "post_119",
    "media_type": "carousel",
    "caption_preview": "Carousel lookbook #119 | Sale Promo | Flash sale is live for 24 hours. Add to ca..."
  },
  {
    "media_id": "post_120",
    "media_type": "reel",
    "caption_preview": "Reel #120 | Style Tip | How to style this piece three different ways."
  },
  {
    "media_id": "post_121",
    "media_type": "reel",
    "caption_preview": "Reel #121 | New Drop | New arrival from our summer collection. Limited pieces on..."
  },
  {
    "media_id": "post_122",
    "media_type": "reel",
    "caption_preview": "Reel #122 | Workwear | Workwear that feels like loungewear but looks like power ..."
  },
  {
    "media_id": "post_123",
    "media_type": "reel",
    "caption_preview": "Reel #123 | Festive Edit | Festive edit with rich fabrics and comfy silhouettes."
  },
  {
    "media_id": "post_124",
    "media_type": "image",
    "caption_preview": "Photo drop #124 | Outfit Reel | Full outfit try-on from our latest launch."
  },
  {
    "media_id": "post_125",
    "media_type": "carousel",
    "caption_preview": "Carousel lookbook #125 | Style Tip | How to style this piece three different way..."
  },
  {
    "media_id": "post_126",
    "media_type": "carousel",
    "caption_preview": "Carousel lookbook #126 | Casual Look | Everyday casual fit you can wear on repea..."
  },
  {
    "media_id": "post_127",
    "media_type": "carousel",
    "caption_preview": "Carousel lookbook #127 | Behind the Scenes | Behind the scenes from today’s stud..."
  },
  {
    "media_id": "post_128",
    "media_type": "image",
    "caption_preview": "Photo drop #128 | Workwear | Workwear that feels like loungewear but looks like ..."
  },
  {
    "media_id": "post_129",
    "media_type": "carousel",
    "caption_preview": "Carousel lookbook #129 | New Drop | New arrival from our summer collection. Limi..."
  },
  {
    "media_id": "post_130",
    "media_type": "reel",
    "caption_preview": "Reel #130 | Style Tip | How to style this piece three different ways."
  },
  {
    "media_id": "post_131",
    "media_type": "carousel",
    "caption_preview": "Carousel lookbook #131 | Festive Edit | Festive edit with rich fabrics and comfy..."
  },
  {
    "media_id": "post_132",
    "media_type": "carousel",
    "caption_preview": "Carousel lookbook #132 | New Drop | New arrival from our summer collection. Limi..."
  },
  {
    "media_id": "post_133",
    "media_type": "image",
    "caption_preview": "Photo drop #133 | Outfit Reel | Full outfit try-on from our latest launch."
  },
  {
    "media_id": "post_134",
    "media_type": "image",
    "caption_preview": "Photo drop #134 | Festive Edit | Festive edit with rich fabrics and comfy silhou..."
  },
  {
    "media_id": "post_135",
    "media_type": "reel",
    "caption_preview": "Reel #135 | Behind the Scenes | Behind the scenes from today’s studio shoot."
  },
  {
    "media_id": "post_136",
    "media_type": "image",
    "caption_preview": "Photo drop #136 | Festive Edit | Festive edit with rich fabrics and comfy silhou..."
  },
  {
    "media_id": "post_137",
    "media_type": "image",
    "caption_preview": "Photo drop #137 | Outfit Reel | Full outfit try-on from our latest launch."
  },
  {
    "media_id": "post_138",
    "media_type": "carousel",
    "caption_preview": "Carousel lookbook #138 | Casual Look | Everyday casual fit you can wear on repea..."
  },
  {
    "media_id": "post_139",
    "media_type": "carousel",
    "caption_preview": "Carousel lookbook #139 | Behind the Scenes | Behind the scenes from today’s stud..."
  },
  {
    "media_id": "post_140",
    "media_type": "image",
    "caption_preview": "Photo drop #140 | Behind the Scenes | Behind the scenes from today’s studio shoo..."
  },
  {
    "media_id": "post_141",
    "media_type": "reel",
    "caption_preview": "Reel #141 | Outfit Reel | Full outfit try-on from our latest launch."
  },
  {
    "media_id": "post_142",
    "media_type": "image",
    "caption_preview": "Photo drop #142 | Sale Promo | Flash sale is live for 24 hours. Add to cart befo..."
  },
  {
    "media_id": "post_143",
    "media_type": "reel",
    "caption_preview": "Reel #143 | Style Tip | How to style this piece three different ways."
  },
  {
    "media_id": "post_144",
    "media_type": "carousel",
    "caption_preview": "Carousel lookbook #144 | Casual Look | Everyday casual fit you can wear on repea..."
  },
  {
    "media_id": "post_145",
    "media_type": "reel",
    "caption_preview": "Reel #145 | Festive Edit | Festive edit with rich fabrics and comfy silhouettes."
  },
  {
    "media_id": "post_146",
    "media_type": "reel",
    "caption_preview": "Reel #146 | Festive Edit | Festive edit with rich fabrics and comfy silhouettes."
  },
  {
    "media_id": "post_147",
    "media_type": "image",
    "caption_preview": "Photo drop #147 | Festive Edit | Festive edit with rich fabrics and comfy silhou..."
  },
  {
    "media_id": "post_148",
    "media_type": "carousel",
    "caption_preview": "Carousel lookbook #148 | Outfit Reel | Full outfit try-on from our latest launch..."
  },
  {
    "media_id": "post_149",
    "media_type": "image",
    "caption_preview": "Photo drop #149 | Casual Look | Everyday casual fit you can wear on repeat."
  },
  {
    "media_id": "post_150",
    "media_type": "carousel",
    "caption_preview": "Carousel lookbook #150 | Weekend Outfit | Weekend-ready outfit for brunch, movie..."
  },
  {
    "media_id": "post_151",
    "media_type": "carousel",
    "caption_preview": "Carousel lookbook #151 | Outfit Reel | Full outfit try-on from our latest launch..."
  },
  {
    "media_id": "post_152",
    "media_type": "reel",
    "caption_preview": "Reel #152 | Festive Edit | Festive edit with rich fabrics and comfy silhouettes."
  },
  {
    "media_id": "post_153",
    "media_type": "carousel",
    "caption_preview": "Carousel lookbook #153 | Customer Review | Styled by our customer community—real..."
  },
  {
    "media_id": "post_154",
    "media_type": "carousel",
    "caption_preview": "Carousel lookbook #154 | Outfit Reel | Full outfit try-on from our latest launch..."
  },
  {
    "media_id": "post_155",
    "media_type": "carousel",
    "caption_preview": "Carousel lookbook #155 | Weekend Outfit | Weekend-ready outfit for brunch, movie..."
  },
  {
    "media_id": "post_156",
    "media_type": "reel",
    "caption_preview": "Reel #156 | Workwear | Workwear that feels like loungewear but looks like power ..."
  },
  {
    "media_id": "post_157",
    "media_type": "reel",
    "caption_preview": "Reel #157 | Style Tip | How to style this piece three different ways."
  },
  {
    "media_id": "post_158",
    "media_type": "image",
    "caption_preview": "Photo drop #158 | Customer Review | Styled by our customer community—real people..."
  },
  {
    "media_id": "post_159",
    "media_type": "image",
    "caption_preview": "Photo drop #159 | Casual Look | Everyday casual fit you can wear on repeat."
  },
  {
    "media_id": "post_160",
    "media_type": "carousel",
    "caption_preview": "Carousel lookbook #160 | Outfit Reel | Full outfit try-on from our latest launch..."
  },
  {
    "media_id": "post_161",
    "media_type": "reel",
    "caption_preview": "Reel #161 | New Drop | New arrival from our summer collection. Limited pieces on..."
  },
  {
    "media_id": "post_162",
    "media_type": "image",
    "caption_preview": "Photo drop #162 | New Drop | New arrival from our summer collection. Limited pie..."
  },
  {
    "media_id": "post_163",
    "media_type": "image",
    "caption_preview": "Photo drop #163 | Style Tip | How to style this piece three different ways."
  },
  {
    "media_id": "post_164",
    "media_type": "image",
    "caption_preview": "Photo drop #164 | Behind the Scenes | Behind the scenes from today’s studio shoo..."
  },
  {
    "media_id": "post_165",
    "media_type": "reel",
    "caption_preview": "Reel #165 | Workwear | Workwear that feels like loungewear but looks like power ..."
  },
  {
    "media_id": "post_166",
    "media_type": "reel",
    "caption_preview": "Reel #166 | Style Tip | How to style this piece three different ways."
  },
  {
    "media_id": "post_167",
    "media_type": "carousel",
    "caption_preview": "Carousel lookbook #167 | Style Tip | How to style this piece three different way..."
  },
  {
    "media_id": "post_168",
    "media_type": "reel",
    "caption_preview": "Reel #168 | Behind the Scenes | Behind the scenes from today’s studio shoot."
  },
  {
    "media_id": "post_169",
    "media_type": "reel",
    "caption_preview": "Reel #169 | Customer Review | Styled by our customer community—real people, real..."
  },
  {
    "media_id": "post_170",
    "media_type": "image",
    "caption_preview": "Photo drop #170 | Workwear | Workwear that feels like loungewear but looks like ..."
  },
  {
    "media_id": "post_171",
    "media_type": "reel",
    "caption_preview": "Reel #171 | Outfit Reel | Full outfit try-on from our latest launch."
  },
  {
    "media_id": "post_172",
    "media_type": "image",
    "caption_preview": "Photo drop #172 | Weekend Outfit | Weekend-ready outfit for brunch, movies or a ..."
  },
  {
    "media_id": "post_173",
    "media_type": "reel",
    "caption_preview": "Reel #173 | Behind the Scenes | Behind the scenes from today’s studio shoot."
  },
  {
    "media_id": "post_174",
    "media_type": "reel",
    "caption_preview": "Reel #174 | Weekend Outfit | Weekend-ready outfit for brunch, movies or a coffee..."
  },
  {
    "media_id": "post_175",
    "media_type": "image",
    "caption_preview": "Photo drop #175 | Customer Review | Styled by our customer community—real people..."
  },
  {
    "media_id": "post_176",
    "media_type": "carousel",
    "caption_preview": "Carousel lookbook #176 | Style Tip | How to style this piece three different way..."
  },
  {
    "media_id": "post_177",
    "media_type": "reel",
    "caption_preview": "Reel #177 | Outfit Reel | Full outfit try-on from our latest launch."
  },
  {
    "media_id": "post_178",
    "media_type": "carousel",
    "caption_preview": "Carousel lookbook #178 | Casual Look | Everyday casual fit you can wear on repea..."
  },
  {
    "media_id": "post_179",
    "media_type": "carousel",
    "caption_preview": "Carousel lookbook #179 | New Drop | New arrival from our summer collection. Limi..."
  },
  {
    "media_id": "post_180",
    "media_type": "carousel",
    "caption_preview": "Carousel lookbook #180 | Workwear | Workwear that feels like loungewear but look..."
  },
  {
    "media_id": "post_181",
    "media_type": "image",
    "caption_preview": "Photo drop #181 | Outfit Reel | Full outfit try-on from our latest launch."
  },
  {
    "media_id": "post_182",
    "media_type": "carousel",
    "caption_preview": "Carousel lookbook #182 | Customer Review | Styled by our customer community—real..."
  },
  {
    "media_id": "post_183",
    "media_type": "carousel",
    "caption_preview": "Carousel lookbook #183 | Casual Look | Everyday casual fit you can wear on repea..."
  },
  {
    "media_id": "post_184",
    "media_type": "carousel",
    "caption_preview": "Carousel lookbook #184 | Customer Review | Styled by our customer community—real..."
  },
  {
    "media_id": "post_185",
    "media_type": "image",
    "caption_preview": "Photo drop #185 | New Drop | New arrival from our summer collection. Limited pie..."
  },
  {
    "media_id": "post_186",
    "media_type": "image",
    "caption_preview": "Photo drop #186 | Festive Edit | Festive edit with rich fabrics and comfy silhou..."
  },
  {
    "media_id": "post_187",
    "media_type": "carousel",
    "caption_preview": "Carousel lookbook #187 | Customer Review | Styled by our customer community—real..."
  },
  {
    "media_id": "post_188",
    "media_type": "carousel",
    "caption_preview": "Carousel lookbook #188 | Weekend Outfit | Weekend-ready outfit for brunch, movie..."
  },
  {
    "media_id": "post_189",
    "media_type": "carousel",
    "caption_preview": "Carousel lookbook #189 | Style Tip | How to style this piece three different way..."
  },
  {
    "media_id": "post_190",
    "media_type": "reel",
    "caption_preview": "Reel #190 | Outfit Reel | Full outfit try-on from our latest launch."
  },
  {
    "media_id": "post_191",
    "media_type": "image",
    "caption_preview": "Photo drop #191 | Outfit Reel | Full outfit try-on from our latest launch."
  },
  {
    "media_id": "post_192",
    "media_type": "reel",
    "caption_preview": "Reel #192 | Workwear | Workwear that feels like loungewear but looks like power ..."
  },
  {
    "media_id": "post_193",
    "media_type": "reel",
    "caption_preview": "Reel #193 | Weekend Outfit | Weekend-ready outfit for brunch, movies or a coffee..."
  },
  {
    "media_id": "post_194",
    "media_type": "reel",
    "caption_preview": "Reel #194 | Weekend Outfit | Weekend-ready outfit for brunch, movies or a coffee..."
  },
  {
    "media_id": "post_195",
    "media_type": "image",
    "caption_preview": "Photo drop #195 | Weekend Outfit | Weekend-ready outfit for brunch, movies or a ..."
  },
  {
    "media_id": "post_196",
    "media_type": "image",
    "caption_preview": "Photo drop #196 | Weekend Outfit | Weekend-ready outfit for brunch, movies or a ..."
  },
  {
    "media_id": "post_197",
    "media_type": "carousel",
    "caption_preview": "Carousel lookbook #197 | Workwear | Workwear that feels like loungewear but look..."
  },
  {
    "media_id": "post_198",
    "media_type": "image",
    "caption_preview": "Photo drop #198 | Workwear | Workwear that feels like loungewear but looks like ..."
  },
  {
    "media_id": "post_199",
    "media_type": "reel",
    "caption_preview": "Reel #199 | Workwear | Workwear that feels like loungewear but looks like power ..."
  },
  {
    "media_id": "post_200",
    "media_type": "carousel",
    "caption_preview": "Carousel lookbook #200 | Style Tip | How to style this piece three different way..."
  },
  {
    "media_id": "post_201",
    "media_type": "image",
    "caption_preview": "Photo drop #201 | Workwear | Workwear that feels like loungewear but looks like ..."
  },
  {
    "media_id": "post_202",
    "media_type": "image",
    "caption_preview": "Photo drop #202 | New Drop | New arrival from our summer collection. Limited pie..."
  },
  {
    "media_id": "post_203",
    "media_type": "image",
    "caption_preview": "Photo drop #203 | Style Tip | How to style this piece three different ways."
  },
  {
    "media_id": "post_204",
    "media_type": "image",
    "caption_preview": "Photo drop #204 | Weekend Outfit | Weekend-ready outfit for brunch, movies or a ..."
  },
  {
    "media_id": "post_205",
    "media_type": "reel",
    "caption_preview": "Reel #205 | Outfit Reel | Full outfit try-on from our latest launch."
  },
  {
    "media_id": "post_206",
    "media_type": "reel",
    "caption_preview": "Reel #206 | Behind the Scenes | Behind the scenes from today’s studio shoot."
  },
  {
    "media_id": "post_207",
    "media_type": "carousel",
    "caption_preview": "Carousel lookbook #207 | Outfit Reel | Full outfit try-on from our latest launch..."
  },
  {
    "media_id": "post_208",
    "media_type": "carousel",
    "caption_preview": "Carousel lookbook #208 | Sale Promo | Flash sale is live for 24 hours. Add to ca..."
  },
  {
    "media_id": "post_209",
    "media_type": "carousel",
    "caption_preview": "Carousel lookbook #209 | Style Tip | How to style this piece three different way..."
  },
  {
    "media_id": "post_210",
    "media_type": "image",
    "caption_preview": "Photo drop #210 | Sale Promo | Flash sale is live for 24 hours. Add to cart befo..."
  },
  {
    "media_id": "post_211",
    "media_type": "image",
    "caption_preview": "Photo drop #211 | Behind the Scenes | Behind the scenes from today’s studio shoo..."
  },
  {
    "media_id": "post_212",
    "media_type": "reel",
    "caption_preview": "Reel #212 | Customer Review | Styled by our customer community—real people, real..."
  },
  {
    "media_id": "post_213",
    "media_type": "reel",
    "caption_preview": "Reel #213 | Workwear | Workwear that feels like loungewear but looks like power ..."
  },
  {
    "media_id": "post_214",
    "media_type": "carousel",
    "caption_preview": "Carousel lookbook #214 | New Drop | New arrival from our summer collection. Limi..."
  },
  {
    "media_id": "post_215",
    "media_type": "image",
    "caption_preview": "Photo drop #215 | Behind the Scenes | Behind the scenes from today’s studio shoo..."
  },
  {
    "media_id": "post_216",
    "media_type": "image",
    "caption_preview": "Photo drop #216 | Sale Promo | Flash sale is live for 24 hours. Add to cart befo..."
  },
  {
    "media_id": "post_217",
    "media_type": "reel",
    "caption_preview": "Reel #217 | Weekend Outfit | Weekend-ready outfit for brunch, movies or a coffee..."
  },
  {
    "media_id": "post_218",
    "media_type": "image",
    "caption_preview": "Photo drop #218 | Casual Look | Everyday casual fit you can wear on repeat."
  },
  {
    "media_id": "post_219",
    "media_type": "reel",
    "caption_preview": "Reel #219 | New Drop | New arrival from our summer collection. Limited pieces on..."
  },
  {
    "media_id": "post_220",
    "media_type": "image",
    "caption_preview": "Photo drop #220 | Weekend Outfit | Weekend-ready outfit for brunch, movies or a ..."
  },
  {
    "media_id": "post_221",
    "media_type": "reel",
    "caption_preview": "Reel #221 | New Drop | New arrival from our summer collection. Limited pieces on..."
  },
  {
    "media_id": "post_222",
    "media_type": "image",
    "caption_preview": "Photo drop #222 | Weekend Outfit | Weekend-ready outfit for brunch, movies or a ..."
  },
  {
    "media_id": "post_223",
    "media_type": "carousel",
    "caption_preview": "Carousel lookbook #223 | Workwear | Workwear that feels like loungewear but look..."
  },
  {
    "media_id": "post_224",
    "media_type": "image",
    "caption_preview": "Photo drop #224 | Casual Look | Everyday casual fit you can wear on repeat."
  },
  {
    "media_id": "post_225",
    "media_type": "image",
    "caption_preview": "Photo drop #225 | Sale Promo | Flash sale is live for 24 hours. Add to cart befo..."
  },
  {
    "media_id": "post_226",
    "media_type": "image",
    "caption_preview": "Photo drop #226 | Sale Promo | Flash sale is live for 24 hours. Add to cart befo..."
  },
  {
    "media_id": "post_227",
    "media_type": "reel",
    "caption_preview": "Reel #227 | Sale Promo | Flash sale is live for 24 hours. Add to cart before it ..."
  },
  {
    "media_id": "post_228",
    "media_type": "image",
    "caption_preview": "Photo drop #228 | Behind the Scenes | Behind the scenes from today’s studio shoo..."
  },
  {
    "media_id": "post_229",
    "media_type": "carousel",
    "caption_preview": "Carousel lookbook #229 | Outfit Reel | Full outfit try-on from our latest launch..."
  },
  {
    "media_id": "post_230",
    "media_type": "reel",
    "caption_preview": "Reel #230 | Customer Review | Styled by our customer community—real people, real..."
  },
  {
    "media_id": "post_231",
    "media_type": "carousel",
    "caption_preview": "Carousel lookbook #231 | New Drop | New arrival from our summer collection. Limi..."
  },
  {
    "media_id": "post_232",
    "media_type": "image",
    "caption_preview": "Photo drop #232 | Workwear | Workwear that feels like loungewear but looks like ..."
  },
  {
    "media_id": "post_233",
    "media_type": "image",
    "caption_preview": "Photo drop #233 | Sale Promo | Flash sale is live for 24 hours. Add to cart befo..."
  },
  {
    "media_id": "post_234",
    "media_type": "carousel",
    "caption_preview": "Carousel lookbook #234 | Festive Edit | Festive edit with rich fabrics and comfy..."
  },
  {
    "media_id": "post_235",
    "media_type": "carousel",
    "caption_preview": "Carousel lookbook #235 | Weekend Outfit | Weekend-ready outfit for brunch, movie..."
  },
  {
    "media_id": "post_236",
    "media_type": "reel",
    "caption_preview": "Reel #236 | Outfit Reel | Full outfit try-on from our latest launch."
  },
  {
    "media_id": "post_237",
    "media_type": "carousel",
    "caption_preview": "Carousel lookbook #237 | New Drop | New arrival from our summer collection. Limi..."
  },
  {
    "media_id": "post_238",
    "media_type": "carousel",
    "caption_preview": "Carousel lookbook #238 | Outfit Reel | Full outfit try-on from our latest launch..."
  },
  {
    "media_id": "post_239",
    "media_type": "reel",
    "caption_preview": "Reel #239 | Customer Review | Styled by our customer community—real people, real..."
  },
  {
    "media_id": "post_240",
    "media_type": "reel",
    "caption_preview": "Reel #240 | Outfit Reel | Full outfit try-on from our latest launch."
  },
  {
    "media_id": "post_241",
    "media_type": "carousel",
    "caption_preview": "Carousel lookbook #241 | Casual Look | Everyday casual fit you can wear on repea..."
  },
  {
    "media_id": "post_242",
    "media_type": "reel",
    "caption_preview": "Reel #242 | Style Tip | How to style this piece three different ways."
  },
  {
    "media_id": "post_243",
    "media_type": "reel",
    "caption_preview": "Reel #243 | Sale Promo | Flash sale is live for 24 hours. Add to cart before it ..."
  },
  {
    "media_id": "post_244",
    "media_type": "reel",
    "caption_preview": "Reel #244 | Style Tip | How to style this piece three different ways."
  },
  {
    "media_id": "post_245",
    "media_type": "carousel",
    "caption_preview": "Carousel lookbook #245 | Behind the Scenes | Behind the scenes from today’s stud..."
  },
  {
    "media_id": "post_246",
    "media_type": "reel",
    "caption_preview": "Reel #246 | Festive Edit | Festive edit with rich fabrics and comfy silhouettes."
  },
  {
    "media_id": "post_247",
    "media_type": "image",
    "caption_preview": "Photo drop #247 | Sale Promo | Flash sale is live for 24 hours. Add to cart befo..."
  },
  {
    "media_id": "post_248",
    "media_type": "reel",
    "caption_preview": "Reel #248 | Behind the Scenes | Behind the scenes from today’s studio shoot."
  },
  {
    "media_id": "post_249",
    "media_type": "image",
    "caption_preview": "Photo drop #249 | Weekend Outfit | Weekend-ready outfit for brunch, movies or a ..."
  },
  {
    "media_id": "post_250",
    "media_type": "image",
    "caption_preview": "Photo drop #250 | Sale Promo | Flash sale is live for 24 hours. Add to cart befo..."
  },
  {
    "media_id": "post_251",
    "media_type": "carousel",
    "caption_preview": "Carousel lookbook #251 | Casual Look | Everyday casual fit you can wear on repea..."
  },
  {
    "media_id": "post_252",
    "media_type": "image",
    "caption_preview": "Photo drop #252 | Behind the Scenes | Behind the scenes from today’s studio shoo..."
  },
  {
    "media_id": "post_253",
    "media_type": "reel",
    "caption_preview": "Reel #253 | Workwear | Workwear that feels like loungewear but looks like power ..."
  },
  {
    "media_id": "post_254",
    "media_type": "carousel",
    "caption_preview": "Carousel lookbook #254 | Casual Look | Everyday casual fit you can wear on repea..."
  },
  {
    "media_id": "post_255",
    "media_type": "reel",
    "caption_preview": "Reel #255 | Style Tip | How to style this piece three different ways."
  },
  {
    "media_id": "post_256",
    "media_type": "image",
    "caption_preview": "Photo drop #256 | Casual Look | Everyday casual fit you can wear on repeat."
  },
  {
    "media_id": "post_257",
    "media_type": "reel",
    "caption_preview": "Reel #257 | New Drop | New arrival from our summer collection. Limited pieces on..."
  },
  {
    "media_id": "post_258",
    "media_type": "reel",
    "caption_preview": "Reel #258 | New Drop | New arrival from our summer collection. Limited pieces on..."
  },
  {
    "media_id": "post_259",
    "media_type": "reel",
    "caption_preview": "Reel #259 | Casual Look | Everyday casual fit you can wear on repeat."
  },
  {
    "media_id": "post_260",
    "media_type": "carousel",
    "caption_preview": "Carousel lookbook #260 | New Drop | New arrival from our summer collection. Limi..."
  },
  {
    "media_id": "post_261",
    "media_type": "image",
    "caption_preview": "Photo drop #261 | New Drop | New arrival from our summer collection. Limited pie..."
  },
  {
    "media_id": "post_262",
    "media_type": "carousel",
    "caption_preview": "Carousel lookbook #262 | Festive Edit | Festive edit with rich fabrics and comfy..."
  },
  {
    "media_id": "post_263",
    "media_type": "carousel",
    "caption_preview": "Carousel lookbook #263 | Customer Review | Styled by our customer community—real..."
  },
  {
    "media_id": "post_264",
    "media_type": "image",
    "caption_preview": "Photo drop #264 | New Drop | New arrival from our summer collection. Limited pie..."
  },
  {
    "media_id": "post_265",
    "media_type": "reel",
    "caption_preview": "Reel #265 | New Drop | New arrival from our summer collection. Limited pieces on..."
  },
  {
    "media_id": "post_266",
    "media_type": "carousel",
    "caption_preview": "Carousel lookbook #266 | New Drop | New arrival from our summer collection. Limi..."
  },
  {
    "media_id": "post_267",
    "media_type": "reel",
    "caption_preview": "Reel #267 | Casual Look | Everyday casual fit you can wear on repeat."
  },
  {
    "media_id": "post_268",
    "media_type": "carousel",
    "caption_preview": "Carousel lookbook #268 | Weekend Outfit | Weekend-ready outfit for brunch, movie..."
  },
  {
    "media_id": "post_269",
    "media_type": "carousel",
    "caption_preview": "Carousel lookbook #269 | Behind the Scenes | Behind the scenes from today’s stud..."
  },
  {
    "media_id": "post_270",
    "media_type": "reel",
    "caption_preview": "Reel #270 | Customer Review | Styled by our customer community—real people, real..."
  },
  {
    "media_id": "post_271",
    "media_type": "image",
    "caption_preview": "Photo drop #271 | Workwear | Workwear that feels like loungewear but looks like ..."
  },
  {
    "media_id": "post_272",
    "media_type": "carousel",
    "caption_preview": "Carousel lookbook #272 | Weekend Outfit | Weekend-ready outfit for brunch, movie..."
  },
  {
    "media_id": "post_273",
    "media_type": "carousel",
    "caption_preview": "Carousel lookbook #273 | Workwear | Workwear that feels like loungewear but look..."
  },
  {
    "media_id": "post_274",
    "media_type": "reel",
    "caption_preview": "Reel #274 | Behind the Scenes | Behind the scenes from today’s studio shoot."
  },
  {
    "media_id": "post_275",
    "media_type": "image",
    "caption_preview": "Photo drop #275 | Customer Review | Styled by our customer community—real people..."
  },
  {
    "media_id": "post_276",
    "media_type": "carousel",
    "caption_preview": "Carousel lookbook #276 | Outfit Reel | Full outfit try-on from our latest launch..."
  },
  {
    "media_id": "post_277",
    "media_type": "carousel",
    "caption_preview": "Carousel lookbook #277 | Behind the Scenes | Behind the scenes from today’s stud..."
  },
  {
    "media_id": "post_278",
    "media_type": "reel",
    "caption_preview": "Reel #278 | Festive Edit | Festive edit with rich fabrics and comfy silhouettes."
  },
  {
    "media_id": "post_279",
    "media_type": "image",
    "caption_preview": "Photo drop #279 | Casual Look | Everyday casual fit you can wear on repeat."
  },
  {
    "media_id": "post_280",
    "media_type": "image",
    "caption_preview": "Photo drop #280 | Weekend Outfit | Weekend-ready outfit for brunch, movies or a ..."
  },
  {
    "media_id": "post_281",
    "media_type": "reel",
    "caption_preview": "Reel #281 | Behind the Scenes | Behind the scenes from today’s studio shoot."
  },
  {
    "media_id": "post_282",
    "media_type": "carousel",
    "caption_preview": "Carousel lookbook #282 | Workwear | Workwear that feels like loungewear but look..."
  },
  {
    "media_id": "post_283",
    "media_type": "image",
    "caption_preview": "Photo drop #283 | Workwear | Workwear that feels like loungewear but looks like ..."
  },
  {
    "media_id": "post_284",
    "media_type": "carousel",
    "caption_preview": "Carousel lookbook #284 | Sale Promo | Flash sale is live for 24 hours. Add to ca..."
  },
  {
    "media_id": "post_285",
    "media_type": "image",
    "caption_preview": "Photo drop #285 | Style Tip | How to style this piece three different ways."
  },
  {
    "media_id": "post_286",
    "media_type": "image",
    "caption_preview": "Photo drop #286 | Customer Review | Styled by our customer community—real people..."
  },
  {
    "media_id": "post_287",
    "media_type": "reel",
    "caption_preview": "Reel #287 | Behind the Scenes | Behind the scenes from today’s studio shoot."
  },
  {
    "media_id": "post_288",
    "media_type": "carousel",
    "caption_preview": "Carousel lookbook #288 | Style Tip | How to style this piece three different way..."
  },
  {
    "media_id": "post_289",
    "media_type": "carousel",
    "caption_preview": "Carousel lookbook #289 | Customer Review | Styled by our customer community—real..."
  },
  {
    "media_id": "post_290",
    "media_type": "reel",
    "caption_preview": "Reel #290 | New Drop | New arrival from our summer collection. Limited pieces on..."
  },
  {
    "media_id": "post_291",
    "media_type": "reel",
    "caption_preview": "Reel #291 | Customer Review | Styled by our customer community—real people, real..."
  },
  {
    "media_id": "post_292",
    "media_type": "reel",
    "caption_preview": "Reel #292 | Casual Look | Everyday casual fit you can wear on repeat."
  },
  {
    "media_id": "post_293",
    "media_type": "image",
    "caption_preview": "Photo drop #293 | Outfit Reel | Full outfit try-on from our latest launch."
  },
  {
    "media_id": "post_294",
    "media_type": "image",
    "caption_preview": "Photo drop #294 | Behind the Scenes | Behind the scenes from today’s studio shoo..."
  },
  {
    "media_id": "post_295",
    "media_type": "carousel",
    "caption_preview": "Carousel lookbook #295 | Weekend Outfit | Weekend-ready outfit for brunch, movie..."
  },
  {
    "media_id": "post_296",
    "media_type": "image",
    "caption_preview": "Photo drop #296 | Festive Edit | Festive edit with rich fabrics and comfy silhou..."
  },
  {
    "media_id": "post_297",
    "media_type": "carousel",
    "caption_preview": "Carousel lookbook #297 | Behind the Scenes | Behind the scenes from today’s stud..."
  },
  {
    "media_id": "post_298",
    "media_type": "carousel",
    "caption_preview": "Carousel lookbook #298 | Weekend Outfit | Weekend-ready outfit for brunch, movie..."
  },
  {
    "media_id": "post_299",
    "media_type": "image",
    "caption_preview": "Photo drop #299 | Weekend Outfit | Weekend-ready outfit for brunch, movies or a ..."
  },
  {
    "media_id": "post_300",
    "media_type": "carousel",
    "caption_preview": "Carousel lookbook #300 | Workwear | Workwear that feels like loungewear but look..."
  },
  {
    "media_id": "post_301",
    "media_type": "reel",
    "caption_preview": "Reel #301 | New Drop | New arrival from our summer collection. Limited pieces on..."
  },
  {
    "media_id": "post_302",
    "media_type": "carousel",
    "caption_preview": "Carousel lookbook #302 | Behind the Scenes | Behind the scenes from today’s stud..."
  },
  {
    "media_id": "post_303",
    "media_type": "carousel",
    "caption_preview": "Carousel lookbook #303 | Sale Promo | Flash sale is live for 24 hours. Add to ca..."
  },
  {
    "media_id": "post_304",
    "media_type": "image",
    "caption_preview": "Photo drop #304 | Workwear | Workwear that feels like loungewear but looks like ..."
  },
  {
    "media_id": "post_305",
    "media_type": "carousel",
    "caption_preview": "Carousel lookbook #305 | Casual Look | Everyday casual fit you can wear on repea..."
  },
  {
    "media_id": "post_306",
    "media_type": "image",
    "caption_preview": "Photo drop #306 | Weekend Outfit | Weekend-ready outfit for brunch, movies or a ..."
  },
  {
    "media_id": "post_307",
    "media_type": "reel",
    "caption_preview": "Reel #307 | Workwear | Workwear that feels like loungewear but looks like power ..."
  },
  {
    "media_id": "post_308",
    "media_type": "image",
    "caption_preview": "Photo drop #308 | Outfit Reel | Full outfit try-on from our latest launch."
  },
  {
    "media_id": "post_309",
    "media_type": "reel",
    "caption_preview": "Reel #309 | Casual Look | Everyday casual fit you can wear on repeat."
  },
  {
    "media_id": "post_310",
    "media_type": "reel",
    "caption_preview": "Reel #310 | Festive Edit | Festive edit with rich fabrics and comfy silhouettes."
  },
  {
    "media_id": "post_311",
    "media_type": "carousel",
    "caption_preview": "Carousel lookbook #311 | New Drop | New arrival from our summer collection. Limi..."
  },
  {
    "media_id": "post_312",
    "media_type": "reel",
    "caption_preview": "Reel #312 | Outfit Reel | Full outfit try-on from our latest launch."
  },
  {
    "media_id": "post_313",
    "media_type": "image",
    "caption_preview": "Photo drop #313 | Style Tip | How to style this piece three different ways."
  },
  {
    "media_id": "post_314",
    "media_type": "image",
    "caption_preview": "Photo drop #314 | Customer Review | Styled by our customer community—real people..."
  },
  {
    "media_id": "post_315",
    "media_type": "image",
    "caption_preview": "Photo drop #315 | Workwear | Workwear that feels like loungewear but looks like ..."
  },
  {
    "media_id": "post_316",
    "media_type": "reel",
    "caption_preview": "Reel #316 | Workwear | Workwear that feels like loungewear but looks like power ..."
  },
  {
    "media_id": "post_317",
    "media_type": "image",
    "caption_preview": "Photo drop #317 | Casual Look | Everyday casual fit you can wear on repeat."
  },
  {
    "media_id": "post_318",
    "media_type": "reel",
    "caption_preview": "Reel #318 | Casual Look | Everyday casual fit you can wear on repeat."
  },
  {
    "media_id": "post_319",
    "media_type": "reel",
    "caption_preview": "Reel #319 | Style Tip | How to style this piece three different ways."
  },
  {
    "media_id": "post_320",
    "media_type": "image",
    "caption_preview": "Photo drop #320 | Casual Look | Everyday casual fit you can wear on repeat."
  }
]